data,path,segment,median_ms
"1m, N=131,040",cpu,features,218.49368799996682
"1m, N=131,040",cpu,cpu_post,421.6796525000177
"1m, N=131,040",cpu,total,642.5888405000251
"1m, N=131,040",1,d2h,7.764806000011504
"1m, N=131,040",1,cpu_post,424.6676340000022
"1m, N=131,040",1,h2d,0.5193760097026825
"1m, N=131,040",1,features,1.1559360027313232
"1m, N=131,040",1,total,436.61282499999743
"1m, N=131,040",1,host_gap,2.8615515138662886
"1m, N=131,040",2,rarity,8.206592082977295
"1m, N=131,040",2,d2h,1.98595749998276
"1m, N=131,040",2,cpu_post,9.644319000017276
"1m, N=131,040",2,h2d,0.5182879865169525
"1m, N=131,040",2,features,1.1555039882659912
"1m, N=131,040",2,total,21.269007000057627
"1m, N=131,040",2,host_gap,0.0
"1m, N=131,040",3,rarity,8.204095840454102
"1m, N=131,040",3,peaks,0.51596799492836
"1m, N=131,040",3,d2h,0.07880599997633908
"1m, N=131,040",3,cpu_post,1.221544999964408
"1m, N=131,040",3,h2d,0.47412800788879395
"1m, N=131,040",3,features,1.1557279825210571
"1m, N=131,040",3,total,11.675988500030599
"1m, N=131,040",3,host_gap,0.020290496763664123
"1s, N=604,800",cpu,features,994.7008639999808
"1s, N=604,800",cpu,cpu_post,2490.0005454999814
"1s, N=604,800",cpu,total,3479.9689240000475
"1s, N=604,800",1,d2h,33.08830399993212
"1s, N=604,800",1,cpu_post,2478.1630855000003
"1s, N=604,800",1,h2d,1.7851679921150208
"1s, N=604,800",1,features,5.382224082946777
"1s, N=604,800",1,total,2547.2154195000485
"1s, N=604,800",1,host_gap,4.037144990105389
"1s, N=604,800",2,rarity,27.92241668701172
"1s, N=604,800",2,d2h,8.534522999980254
"1s, N=604,800",2,cpu_post,40.103108000039356
"1s, N=604,800",2,h2d,1.8681280016899109
"1s, N=604,800",2,features,5.3799519538879395
"1s, N=604,800",2,total,82.748077500014
"1s, N=604,800",2,host_gap,0.0
"1s, N=604,800",3,rarity,27.897232055664062
"1s, N=604,800",3,peaks,1.7789120078086853
"1s, N=604,800",3,d2h,0.099274500030333
"1s, N=604,800",3,cpu_post,2.0035879999795725
"1s, N=604,800",3,h2d,1.7712319493293762
"1s, N=604,800",3,features,5.3793439865112305
"1s, N=604,800",3,total,38.53019450002648
"1s, N=604,800",3,host_gap,0.0
