L,q,trial,start,median_range_L,hit_top20,best_rank_pct,best_window,lengths_within_2x,w_est,len_ratio,best_S
6,2.0,0,37269,0.001777388621121645,False,10.350198117312933,3,5,4.095345022158439,0.6825575036930731,0.8433780334202711
6,2.0,1,20678,0.001777388621121645,False,6.518708534695342,6,5,5.759211579032382,0.9598685965053969,1.0258610404037032
6,2.0,2,52799,0.001777388621121645,False,4.45900104084754,3,5,4.095345022158439,0.6825575036930731,1.173408380865829
6,2.0,3,88539,0.001777388621121645,False,22.4673430903247,3,6,4.828447652507566,0.8047412754179276,0.5390560811015899
6,2.0,4,24504,0.001777388621121645,False,20.888563146871476,3,6,4.828447652507566,0.8047412754179276,0.5676952685709888
6,2.0,5,109585,0.001777388621121645,False,1.5354664345754792,3,4,3.464101615137754,0.5773502691896256,1.612654619667913
6,2.0,6,58726,0.001777388621121645,False,15.001590537194394,2,4,3.464101615137754,0.5773502691896256,0.6973292453938569
6,2.0,7,37146,0.001777388621121645,False,6.582686302802654,4,6,4.828447652507566,0.8047412754179276,1.0221199535651098
6,2.0,8,82281,0.001777388621121645,False,3.1158750881157604,2,8,16.2480613958109,2.70801023263515,1.3195100871322691
6,2.0,9,99750,0.001777388621121645,False,21.343380438682882,2,7,5.729779089189779,0.9549631815316298,0.5590400545592584
6,2.0,10,55799,0.001777388621121645,False,4.0375723058208575,2,5,4.095345022158439,0.6825575036930731,1.211442871098191
6,2.0,11,68204,0.001777388621121645,False,3.820648481100601,4,3,4.160167646103808,0.6933612743506347,1.234755579967253
6,2.0,12,65146,0.001777388621121645,False,4.13315722905517,2,5,4.623158497460058,0.7705264162433431,1.2020007349783484
6,2.0,13,5685,0.001777388621121645,False,3.577868883748273,2,2,2.449489742783178,0.40824829046386296,1.261881414522818
6,2.0,14,37980,0.001777388621121645,False,2.7920162667419945,4,4,3.464101615137754,0.5773502691896256,1.3635811580985895
6,2.0,15,30134,0.001777388621121645,False,52.464874576599,2,15,22.787343031525147,3.797890505254191,0.21708807320689158
6,2.0,16,48324,0.001777388621121645,False,43.49236160417764,2,15,22.787343031525147,3.797890505254191,0.2861132304395372
6,2.0,17,79131,0.001777388621121645,False,47.003962346258675,3,15,22.787343031525147,3.797890505254191,0.2573648605765641
6,2.0,18,105815,0.001777388621121645,False,3.4218689957220914,3,4,3.464101615137754,0.5773502691896256,1.280756714366827
6,2.0,19,6148,0.001777388621121645,False,10.037791163738806,3,5,4.095345022158439,0.6825575036930731,0.8551123215618568
6,4.0,0,111403,0.001777388621121645,False,1.2592982804384283,3,5,4.095345022158439,0.6825575036930731,1.6908859945750259
6,4.0,1,31349,0.001777388621121645,False,0.9713219781701952,4,3,4.160167646103808,0.6933612743506347,1.803105280715794
6,4.0,2,881,0.001777388621121645,False,6.453051159310751,2,3,2.8844991406148166,0.4807498567691361,1.029725610153861
6,4.0,3,110231,0.001777388621121645,False,1.6469312811586236,2,7,7.029174544917775,1.1715290908196292,1.5835014693940235
6,4.0,4,10716,0.001777388621121645,False,8.135814062384686,3,7,12.70311253948222,2.1171854232470366,0.9384778349041358
6,4.0,5,72802,0.001777388621121645,False,1.083906562938193,3,4,3.464101615137754,0.5773502691896256,1.756614566066321
6,4.0,6,126312,0.001777388621121645,False,2.416140516962761,2,5,4.095345022158439,0.6825575036930731,1.424729871034249
6,4.0,7,41066,0.001777388621121645,False,7.59554038819287,2,3,2.8844991406148166,0.4807498567691361,0.9658468656476427
6,4.0,8,18772,0.001777388621121645,False,2.133915597189457,4,4,4.898979485566356,0.8164965809277259,1.4765151629616733
6,4.0,9,73167,0.001777388621121645,False,1.0252729998040457,6,6,4.828447652507566,0.8047412754179276,1.7807274895803737
6,4.0,10,81240,0.001777388621121645,False,1.1643750206769836,4,3,4.160167646103808,0.6933612743506347,1.7245211962612121
6,4.0,11,49997,0.001777388621121645,False,1.856220527345788,2,3,2.8844991406148166,0.4807498567691361,1.5342017962219954
6,4.0,12,28225,0.001777388621121645,False,5.225512725569985,2,2,2.449489742783178,0.40824829046386296,1.1120484337044014
6,4.0,13,20683,0.001777388621121645,False,8.404194946417983,3,5,4.095345022158439,0.6825575036930731,0.9258624089328173
6,4.0,14,112154,0.001777388621121645,False,1.606264426172353,3,3,4.160167646103808,0.6933612743506347,1.5943014176870332
6,4.0,15,110096,0.001777388621121645,False,2.250317471224001,4,5,4.095345022158439,0.6825575036930731,1.4543529667693174
6,4.0,16,6794,0.001777388621121645,False,0.8397527414499083,4,6,4.828447652507566,0.8047412754179276,1.8628458645543178
6,4.0,17,59697,0.001777388621121645,False,1.0023692642047697,4,5,4.095345022158439,0.6825575036930731,1.789422318040281
6,4.0,18,87689,0.001777388621121645,False,1.056472977409282,3,5,4.095345022158439,0.6825575036930731,1.76695539940454
6,4.0,19,18758,0.001777388621121645,False,11.850392799065528,2,5,4.095345022158439,0.6825575036930731,0.7908189517440931
6,8.0,0,112275,0.001777388621121645,False,0.13716792764455438,4,5,4.095345022158439,0.6825575036930731,2.5871942434602095
6,8.0,1,37373,0.001777388621121645,False,0.5278038625877658,4,3,4.160167646103808,0.6933612743506347,2.052935952436373
6,8.0,2,101059,0.001777388621121645,False,2.1118771138239314,2,4,3.464101615137754,0.5773502691896256,1.4816153346569665
6,8.0,3,18811,0.001777388621121645,False,2.436346701480345,2,3,2.8844991406148166,0.4807498567691361,1.4211315734450853
6,8.0,4,49051,0.001777388621121645,False,4.268085680330017,3,4,3.464101615137754,0.5773502691896256,1.189770293494647
6,8.0,5,94932,0.001777388621121645,False,0.24680047537975666,4,4,4.898979485566356,0.8164965809277259,2.372319150081234
6,8.0,6,7784,0.001777388621121645,False,3.3859864766165586,2,4,3.464101615137754,0.5773502691896256,1.2849555290165071
6,8.0,7,82108,0.001777388621121645,False,0.9231223390312738,4,5,4.095345022158439,0.6825575036930731,1.8251378703068155
6,8.0,8,100836,0.001777388621121645,False,0.19656494863201077,3,4,4.898979485566356,0.8164965809277259,2.45558457040234
6,8.0,9,77765,0.001777388621121645,False,0.25809965160873294,3,3,2.8844991406148166,0.4807498567691361,2.3532211235492704
6,8.0,10,8921,0.001777388621121645,False,10.70805626175407,2,5,4.095345022158439,0.6825575036930731,0.8302485290651161
6,8.0,11,75068,0.001777388621121645,False,7.578438932278743,2,4,3.464101615137754,0.5773502691896256,0.9667055190479042
6,8.0,12,30173,0.001777388621121645,False,3.1131266398438475,2,3,2.8844991406148166,0.4807498567691361,1.3197176352757192
6,8.0,13,82362,0.001777388621121645,False,0.3757230582085716,3,5,4.095345022158439,0.6825575036930731,2.200943307389676
6,8.0,14,112259,0.001777388621121645,False,0.7509880417051576,2,5,4.095345022158439,0.6825575036930731,1.90441438545395
6,8.0,15,31574,0.001777388621121645,False,0.1955470048275985,4,3,4.160167646103808,0.6933612743506347,2.459382545006179
6,8.0,16,76688,0.001777388621121645,False,2.3218280234839637,3,4,3.464101615137754,0.5773502691896256,1.441252575583395
6,8.0,17,67049,0.001777388621121645,False,0.10550987532733255,3,4,3.464101615137754,0.5773502691896256,2.6828283519054024
6,8.0,18,57092,0.001777388621121645,False,0.10388116524027291,4,4,3.464101615137754,0.5773502691896256,2.6892591476345027
6,8.0,19,118226,0.001777388621121645,False,0.6396249895024545,4,4,3.464101615137754,0.5773502691896256,1.9703362706349317
6,16.0,0,22826,0.001777388621121645,True,0.033286762404281474,2,5,4.095345022158439,0.6825575036930731,3.148917621636683
6,16.0,1,36164,0.001777388621121645,False,0.5008283517708405,2,4,3.464101615137754,0.5773502691896256,2.078383248193206
6,16.0,2,67715,0.001777388621121645,False,1.208604678978697,2,4,3.464101615137754,0.5773502691896256,1.7066233368134083
6,16.0,3,26175,0.001777388621121645,False,0.43135368711970257,2,4,3.464101615137754,0.5773502691896256,2.142428575892549
6,16.0,4,106725,0.001777388621121645,False,0.002697551081692535,6,4,4.898979485566356,0.8164965809277259,3.755659477017201
6,16.0,5,72750,0.001777388621121645,True,0.033083173643399015,2,5,4.095345022158439,0.6825575036930731,3.1536127428450627
6,16.0,6,45914,0.001777388621121645,True,0.0352208556326648,3,4,3.464101615137754,0.5773502691896256,3.1351260229000326
6,16.0,7,53802,0.001777388621121645,False,3.2654110329839243,3,4,3.464101615137754,0.5773502691896256,1.2999641118282166
6,16.0,8,64327,0.001777388621121645,True,0.013131475076918378,4,4,3.464101615137754,0.5773502691896256,3.4546361099817173
6,16.0,9,34333,0.001777388621121645,True,0.03588251910553278,4,3,4.160167646103808,0.6933612743506347,3.1261678659707965
6,16.0,10,69046,0.001777388621121645,False,0.38610608501357685,2,4,3.464101615137754,0.5773502691896256,2.186451539023095
6,16.0,11,75714,0.001777388621121645,True,0.020867847990451688,4,4,3.464101615137754,0.5773502691896256,3.304480585020436
6,16.0,12,90356,0.001777388621121645,False,0.12138979867616408,3,3,2.8844991406148166,0.4807498567691361,2.6431809918633458
6,16.0,13,108220,0.001777388621121645,False,0.36819027405592075,2,4,3.464101615137754,0.5773502691896256,2.209452048578346
6,16.0,14,69650,0.001777388621121645,False,1.7010349943631362,2,4,3.464101615137754,0.5773502691896256,1.5701182622273149
6,16.0,15,27230,0.001777388621121645,False,0.20313068617046995,3,4,3.464101615137754,0.5773502691896256,2.4425361152017895
6,16.0,16,78516,0.001777388621121645,False,7.165102850497139,2,4,3.464101615137754,0.5773502691896256,0.9879040271739586
6,16.0,17,98239,0.001777388621121645,False,0.45797291760508363,3,4,3.464101615137754,0.5773502691896256,2.1152311941830932
6,16.0,18,20504,0.001777388621121645,False,1.1857518405696414,2,4,3.464101615137754,0.5773502691896256,1.7154833196730435
6,16.0,19,41810,0.001777388621121645,False,0.15325143975426836,2,4,3.464101615137754,0.5773502691896256,2.5387613602225456
6,32.0,0,46375,0.001777388621121645,False,0.47207143929619366,3,4,3.464101615137754,0.5773502691896256,2.100781708382424
6,32.0,1,7492,0.001777388621121645,True,0.033032276453178404,4,4,3.464101615137754,0.5773502691896256,3.1489109931093564
6,32.0,2,19763,0.001777388621121645,True,0.0013742241359565746,4,4,3.464101615137754,0.5773502691896256,3.9712659059850535
6,32.0,3,56857,0.001777388621121645,True,0.00010179438044122774,3,3,4.160167646103808,0.6933612743506347,4.272299215925345
6,32.0,4,46006,0.001777388621121645,False,0.07660027128202387,2,2,2.449489742783178,0.40824829046386296,2.814204512770129
6,32.0,5,36731,0.001777388621121645,True,0.00025448595110306934,4,2,3.464101615137755,0.5773502691896258,4.214303954671348
6,32.0,6,60725,0.001777388621121645,False,0.11497675270836673,2,3,2.8844991406148166,0.4807498567691361,2.659518673456626
6,32.0,7,65765,0.001777388621121645,True,5.089719022061387e-05,4,2,3.464101615137755,0.5773502691896258,4.51533395033533
6,32.0,8,52922,0.001777388621121645,True,0.01801760533809731,2,4,3.464101615137754,0.5773502691896256,3.3615257145181268
6,32.0,9,75038,0.001777388621121645,True,0.004428055549193407,3,3,4.160167646103808,0.6933612743506347,3.755669419922008
6,32.0,10,39388,0.001777388621121645,True,0.017050558723905648,4,4,3.464101615137754,0.5773502691896256,3.385000181840323
6,32.0,11,129063,0.001777388621121645,False,0.15905371943941835,3,4,3.464101615137754,0.5773502691896256,2.518606749176486
6,32.0,12,11238,0.001777388621121645,True,5.089719022061387e-05,4,2,3.464101615137755,0.5773502691896258,4.4184239373272725
6,32.0,13,24741,0.001777388621121645,False,0.22247161845430324,3,4,3.464101615137754,0.5773502691896256,2.403067496194368
6,32.0,14,89519,0.001777388621121645,False,0.06855851522716688,2,3,2.8844991406148166,0.4807498567691361,2.862128065087312
6,32.0,15,38165,0.001777388621121645,True,0.014149418881330656,3,2,2.449489742783178,0.40824829046386296,3.427201175911087
6,32.0,16,38564,0.001777388621121645,False,0.5956498171518442,3,4,3.464101615137754,0.5773502691896256,1.9978114809778171
6,32.0,17,37772,0.001777388621121645,False,0.49207403505289493,2,4,3.464101615137754,0.5773502691896256,2.08237128798825
6,32.0,18,96527,0.001777388621121645,True,0.005140616212282001,4,3,4.160167646103808,0.6933612743506347,3.719453932991254
6,32.0,19,117086,0.001777388621121645,True,0.006005868446032437,2,1,2.0,0.3333333333333333,3.686036806031631
30,2.0,0,109792,0.004303558263927698,False,1.1215195865112266,4,6,4.828447652507566,0.16094825508358554,1.7411820913806186
30,2.0,1,17796,0.004303558263927698,False,8.101203973034668,3,11,11.417390601470244,0.38057968671567477,0.9400916715977409
30,2.0,2,118977,0.004303558263927698,False,1.2501367861987178,3,7,5.729779089189779,0.19099263630632596,1.69431529764237
30,2.0,3,71737,0.004303558263927698,False,6.09402237949454,2,5,4.095345022158439,0.13651150073861462,1.052493543030982
30,2.0,4,82751,0.004303558263927698,False,4.148731769262678,6,10,9.609605243695347,0.32032017478984487,1.2003546908724005
30,2.0,5,50240,0.004303558263927698,False,10.583816220425552,8,9,8.094774845973845,0.26982582819912815,0.8346453116841034
30,2.0,6,124176,0.004303558263927698,False,17.66173218407478,6,11,11.417390601470244,0.38057968671567477,0.633785753755529
30,2.0,7,87369,0.004303558263927698,False,1.265813120786667,4,6,6.828456155384734,0.22761520517949113,1.6887732689913526
30,2.0,8,125189,0.004303558263927698,False,3.435305853940333,23,9,8.094774845973845,0.26982582819912815,1.278733712790688
30,2.0,9,72932,0.004303558263927698,False,1.1796950749333883,4,9,8.094774845973845,0.26982582819912815,1.7161657741651786
30,2.0,10,108407,0.004303558263927698,False,3.2688211447287054,6,5,5.310614560922933,0.17702048536409778,1.300351086984765
30,2.0,11,21220,0.004303558263927698,False,6.323416015818847,8,14,27.112506444318335,0.9037502148106111,1.0374400871527598
30,2.0,12,75802,0.004303558263927698,False,0.9455171027283439,4,8,6.816895285871014,0.2272298428623671,1.8141978842428026
30,2.0,13,5145,0.004303558263927698,False,2.9490340985725885,11,9,8.094774845973845,0.26982582819912815,1.3412509419679182
30,2.0,14,56005,0.004303558263927698,False,3.149161850520042,4,7,6.034666660064285,0.20115555533547616,1.3157844536359726
30,2.0,15,1915,0.004303558263927698,False,0.7522095742704524,8,5,5.759211579032382,0.1919737193010794,1.902801730734623
30,2.0,16,25621,0.004303558263927698,False,1.0779006944921605,2,5,4.623158497460058,0.1541052832486686,1.7583243441313552
30,2.0,17,41190,0.004303558263927698,False,3.263171556614217,8,7,5.729779089189779,0.19099263630632596,1.3007417394066605
30,2.0,18,50634,0.004303558263927698,False,6.679441861412041,11,9,8.094774845973845,0.26982582819912815,1.016517914363605
30,2.0,19,1048,0.004303558263927698,False,11.301110322204662,2,11,11.417390601470244,0.38057968671567477,0.8096051220746442
30,4.0,0,46593,0.004303558263927698,False,2.4063173592501825,6,7,8.122059020252578,0.27073530067508594,1.4263942809349244
30,4.0,1,110608,0.004303558263927698,False,1.6934513130202646,4,6,6.828456155384734,0.22761520517949113,1.5725820299055153
30,4.0,2,51412,0.004303558263927698,False,1.1856500461892001,16,5,15.962322972558187,0.5320774324186063,1.715953627593087
30,4.0,3,17825,0.004303558263927698,False,0.5865392201023543,11,2,13.266499161421603,0.4422166387140534,2.0088057172880713
30,4.0,4,107780,0.004303558263927698,False,0.07802539260820106,11,6,6.828456155384734,0.22761520517949113,2.8056168799651515
30,4.0,5,89513,0.004303558263927698,False,2.2854874296664454,6,5,8.049386468342234,0.2683128822780745,1.4476986049785858
30,4.0,6,51473,0.004303558263927698,False,2.2469582566694406,16,9,8.094774845973845,0.26982582819912815,1.454596336693057
30,4.0,7,73272,0.004303558263927698,False,2.09767679775238,6,6,9.588638715605926,0.31962129052019755,1.4842219593508907
30,4.0,8,59635,0.004303558263927698,False,2.716535733644824,3,4,5.304950005319615,0.17683166684398716,1.3750649735824527
30,4.0,9,111709,0.004303558263927698,False,0.23453425253658872,8,4,6.779122448540388,0.2259707482846796,2.3857919191183834
30,4.0,10,78092,0.004303558263927698,False,5.376321100193664,3,5,5.759211579032382,0.1919737193010794,1.100322159563542
30,4.0,11,54721,0.004303558263927698,False,0.240692812553283,6,5,5.759211579032382,0.1919737193010794,2.378606754550425
30,4.0,12,87455,0.004303558263927698,False,1.1439652473985173,16,9,11.44055979916782,0.381351993305594,1.7326424254363486
30,4.0,13,29295,0.004303558263927698,False,4.486740009517774,3,4,3.464101615137754,0.11547005383792514,1.1706012286681406
30,4.0,14,30355,0.004303558263927698,False,3.228663261644641,11,9,8.094774845973845,0.26982582819912815,1.3049253381481498
30,4.0,15,54810,0.004303558263927698,False,0.9723908191648281,11,7,11.390096072746545,0.3796698690915515,1.802450685028486
30,4.0,16,99341,0.004303558263927698,False,3.9262601508083748,4,6,6.828456155384734,0.22761520517949113,1.222524284918039
30,4.0,17,108575,0.004303558263927698,False,0.631125158735612,4,6,6.128700310181124,0.2042900103393708,1.9753174805900067
30,4.0,18,78870,0.004303558263927698,False,0.6211493094523717,6,4,6.779122448540388,0.2259707482846796,1.9835291878314592
30,4.0,19,55413,0.004303558263927698,False,1.398145815360263,8,7,11.390096072746545,0.3796698690915515,1.651700472706844
30,8.0,0,110613,0.004303558263927698,False,0.47532885947031295,3,9,8.094774845973845,0.26982582819912815,2.100781708382424
30,8.0,1,19550,0.004303558263927698,False,0.3633041437947418,4,5,5.759211579032382,0.1919737193010794,2.2132195733791282
30,8.0,2,128104,0.004303558263927698,False,1.4367258855474883,4,9,8.094774845973845,0.26982582819912815,1.6383948099899344
30,8.0,3,112546,0.004303558263927698,True,0.02590666982229246,16,7,11.390096072746545,0.3796698690915515,3.163111658935306
30,8.0,4,107455,0.004303558263927698,True,0.03903814489921084,16,6,13.560382916305636,0.4520127638768546,3.0566563280210195
30,8.0,5,118852,0.004303558263927698,False,0.6529600533402553,23,9,8.094774845973845,0.26982582819912815,1.9589684735120947
30,8.0,6,121571,0.004303558263927698,False,0.6148889550552362,3,8,9.640545766556006,0.32135152555186686,1.984497485995118
30,8.0,7,47970,0.004303558263927698,False,1.766183397845522,2,3,2.8844991406148166,0.09614997135382722,1.552734505938529
30,8.0,8,7611,0.004303558263927698,False,0.1775802966797218,16,7,9.900900845942516,0.33003002819808386,2.4798644388621205
30,8.0,9,50561,0.004303558263927698,False,0.9538642419245246,3,3,4.160167646103808,0.13867225487012694,1.808406226939437
30,8.0,10,96717,0.004303558263927698,False,0.8284026680307114,11,9,8.094774845973845,0.26982582819912815,1.8652461885152616
30,8.0,11,56549,0.004303558263927698,False,0.5386449641047566,4,8,9.640545766556006,0.32135152555186686,2.041482180180514
30,8.0,12,96359,0.004303558263927698,False,0.41552466096109164,11,8,9.640545766556006,0.32135152555186686,2.153111110824057
30,8.0,13,126433,0.004303558263927698,False,0.3210085787214117,4,5,5.759211579032382,0.1919737193010794,2.253476564705431
30,8.0,14,109315,0.004303558263927698,False,0.04972655484553975,11,4,9.587126907713722,0.31957089692379076,2.9590082489256564
30,8.0,15,86211,0.004303558263927698,True,0.030436519751927096,16,4,18.971323099205915,0.6323774366401972,3.126128092682136
30,8.0,16,638,0.004303558263927698,False,0.36523823702312513,4,7,8.122059020252578,0.27073530067508594,2.211058899858201
30,8.0,17,98886,0.004303558263927698,False,0.5686743063349188,3,5,5.759211579032382,0.1919737193010794,2.0166821693665193
30,8.0,18,122759,0.004303558263927698,False,1.204634698141489,6,7,8.122059020252578,0.27073530067508594,1.7071163487826093
30,8.0,19,53449,0.004303558263927698,False,0.5257170777887207,4,4,4.898979485566356,0.1632993161855452,2.0521878136089797
30,16.0,0,98384,0.004303558263927698,True,0.020206184517583707,16,7,11.390096072746545,0.3796698690915515,3.311174194390744
30,16.0,1,30675,0.004303558263927698,True,0.016846969963023192,6,3,5.768998281229634,0.19229994270765446,3.3849935532118254
30,16.0,2,64782,0.004303558263927698,True,0.020562464849128003,6,7,11.390096072746545,0.3796698690915515,3.3044739563919383
30,16.0,3,51792,0.004303558263927698,True,0.042244667883109516,11,5,11.420795318173445,0.38069317727244817,3.041823779628375
30,16.0,4,77410,0.004303558263927698,False,0.10464462309358212,23,7,11.390096072746545,0.3796698690915515,2.674851196542896
30,16.0,5,95614,0.004303558263927698,True,0.020307978898024933,6,7,11.390096072746545,0.3796698690915515,3.3044739563919383
30,16.0,6,31395,0.004303558263927698,True,5.089719022061387e-05,11,2,9.380831519646861,0.3126943839882287,4.339219490637262
30,16.0,7,60440,0.004303558263927698,True,0.046112854339876164,11,4,9.587126907713722,0.31957089692379076,3.0000994453651417
30,16.0,8,19700,0.004303558263927698,False,0.07069619721643267,16,8,9.640545766556006,0.32135152555186686,2.8431963191109513
30,16.0,9,105722,0.004303558263927698,True,0.016643381202140737,16,4,18.971323099205915,0.6323774366401972,3.3614793127021394
30,16.0,10,29752,0.004303558263927698,False,0.05323846097076211,11,5,11.420795318173445,0.38069317727244817,2.9355271530761335
30,16.0,11,124233,0.004303558263927698,False,0.3633550409849624,6,9,8.094774845973845,0.26982582819912815,2.200933364484869
30,16.0,12,73999,0.004303558263927698,True,0.001984990418603941,11,3,11.20815732262155,0.37360524408738505,3.8620982359175997
30,16.0,13,18161,0.004303558263927698,True,0.012520708794271012,8,6,13.560382916305636,0.4520127638768546,3.454622852623548
30,16.0,14,8622,0.004303558263927698,False,0.37363627340952643,4,7,5.729779089189779,0.19099263630632596,2.188486251419339
30,16.0,15,67931,0.004303558263927698,False,0.5738149225472008,4,9,8.094774845973845,0.26982582819912815,2.0081529730750884
30,16.0,16,65230,0.004303558263927698,True,0.0069729150602241005,8,4,9.587126907713722,0.31957089692379076,3.6702226529629027
30,16.0,17,49669,0.004303558263927698,True,0.04331350887774241,6,4,4.898979485566356,0.1632993161855452,3.0310274823600456
30,16.0,18,29431,0.004303558263927698,False,0.06901658993915241,11,6,9.139739814937887,0.3046579938312629,2.8549196512904764
30,16.0,19,111831,0.004303558263927698,True,0.00045807471198552484,11,1,11.000000000000002,0.36666666666666675,3.913250758364981
30,32.0,0,9449,0.004303558263927698,True,0.00010179438044122774,23,1,23.0,0.7666666666666667,4.640209710887682
30,32.0,1,39446,0.004303558263927698,True,0.00010179438044122774,23,1,23.0,0.7666666666666667,4.640209710887682
30,32.0,2,30775,0.004303558263927698,True,0.00010179438044122774,23,3,13.021660143052863,0.4340553381017621,4.515270974279382
30,32.0,3,119130,0.004303558263927698,True,0.0003562803315442971,23,5,22.548652785055786,0.7516217595018595,4.117330965607344
30,32.0,4,118510,0.004303558263927698,True,5.089719022061387e-05,23,1,23.0,0.7666666666666667,4.640209710887682
30,32.0,5,65941,0.004303558263927698,True,5.089719022061387e-05,16,6,9.588638715605926,0.31962129052019755,4.272256128360374
30,32.0,6,122839,0.004303558263927698,True,5.089719022061387e-05,16,7,11.390096072746545,0.3796698690915515,4.075961483216406
30,32.0,7,128067,0.004303558263927698,True,0.00631125158735612,11,8,9.640545766556006,0.32135152555186686,3.5610682402536185
30,32.0,8,55929,0.004303558263927698,True,5.089719022061387e-05,23,5,15.069829769647896,0.5023276589882631,4.2142409786154005
30,32.0,9,65122,0.004303558263927698,True,5.089719022061387e-05,8,1,7.999999999999998,0.2666666666666666,4.8163506886411405
30,32.0,10,35434,0.004303558263927698,True,5.089719022061387e-05,6,3,8.082480041244379,0.26941600137481264,4.515327321706831
30,32.0,11,126355,0.004303558263927698,True,0.002341270750148238,32,5,15.962322972558187,0.5320774324186063,3.79508183692243
30,32.0,12,6386,0.004303558263927698,True,5.089719022061387e-05,6,1,6.0,0.2,4.816357317370812
30,32.0,13,51544,0.004303558263927698,True,0.004122672407869723,4,8,9.640545766556006,0.32135152555186686,3.6549959437643356
30,32.0,14,758,0.004303558263927698,True,0.0020358876088245547,23,3,22.750935838812534,0.7583645279604178,3.8868820442290706
30,32.0,15,59165,0.004303558263927698,False,0.05201692840546738,3,4,4.898979485566356,0.1632993161855452,2.8793511528108056
30,32.0,16,64838,0.004303558263927698,True,5.089719022061387e-05,8,2,6.928203230275509,0.2309401076758503,5.117380684305122
30,32.0,17,66457,0.004303558263927698,True,0.00010179438044122774,23,1,23.0,0.7666666666666667,4.640209710887682
30,32.0,18,37058,0.004303558263927698,True,0.00010179438044122774,23,7,11.390096072746545,0.3796698690915515,4.2142409786154005
30,32.0,19,117261,0.004303558263927698,True,5.089719022061387e-05,16,7,11.390096072746545,0.3796698690915515,4.075961483216406
120,2.0,0,17876,0.009170585311949253,False,0.9637891940175443,2,3,5.1676492523636215,0.04306374376969684,1.8064949408144768
120,2.0,1,118094,0.009170585311949253,False,2.080829827789357,11,12,13.573434038542302,0.11311195032118586,1.487451705517364
120,2.0,2,130145,0.009170585311949253,False,17.90069449216056,6,8,6.816895285871014,0.05680746071559178,0.6285405875610113
120,2.0,3,120660,0.009170585311949253,False,0.43506918200580735,3,4,3.464101615137754,0.028867513459481284,2.1387603075551267
120,2.0,4,74646,0.009170585311949253,False,1.2043293150001655,2,2,2.449489742783178,0.02041241452319315,1.7084825493438383
120,2.0,5,40642,0.009170585311949253,False,16.12484062817312,8,13,16.130685788733086,0.13442238157277572,0.6688598678478272
120,2.0,6,125193,0.009170585311949253,False,1.5946089696118326,2,6,7.190718501009841,0.05992265417508201,1.5974413894385497
120,2.0,7,123612,0.009170585311949253,False,2.3184179117391825,3,4,3.464101615137754,0.028867513459481284,1.441618914265516
120,2.0,8,79593,0.009170585311949253,False,12.782014968863644,4,11,11.417390601470244,0.09514492167891869,0.7605652864668296
120,2.0,9,108888,0.009170585311949253,False,2.592804664218512,64,13,16.130685788733086,0.13442238157277572,1.3934111018197215
120,2.0,10,5247,0.009170585311949253,False,0.34589730473929187,3,6,4.828447652507566,0.040237063770896385,2.2354422846000004
120,2.0,11,129170,0.009170585311949253,False,14.410521467162406,3,10,9.609605243695347,0.08008004369746122,0.7128714161658544
120,2.0,12,71538,0.009170585311949253,False,1.6425541227996507,2,3,5.768998281229634,0.048074985676913616,1.582993671052741
120,2.0,13,58549,0.009170585311949253,False,3.4814187082802093,3,6,5.68594056994773,0.047382838082897755,1.2733552138985846
120,2.0,14,86023,0.009170585311949253,False,0.21453165677988748,3,4,3.464101615137754,0.028867513459481284,2.413246739099802
120,2.0,15,10873,0.009170585311949253,False,0.8916678754749344,11,9,16.07387055268801,0.13394892127240007,1.836110053965893
120,2.0,16,7369,0.009170585311949253,False,15.033401281082277,16,12,13.573434038542302,0.11311195032118586,0.6958325020376538
120,2.0,17,118572,0.009170585311949253,False,7.037147314282515,6,12,13.573434038542302,0.11311195032118586,0.9954993279311127
120,2.0,18,10327,0.009170585311949253,False,3.913128675731456,45,10,11.45999099529542,0.09549992496079517,1.2242179225959748
120,2.0,19,8702,0.009170585311949253,False,2.4217392078870286,4,2,4.898979485566356,0.0408248290463863,1.4235790877738748
120,4.0,0,127430,0.009170585311949253,False,1.13174992174557,23,10,27.035073643174528,0.22529228035978774,1.7363965022766423
120,4.0,1,106424,0.009170585311949253,False,0.4057015032485132,91,6,53.961864118692105,0.4496822009891009,2.1542628215600086
120,4.0,2,8450,0.009170585311949253,False,5.67534209273977,4,9,8.094774845973845,0.06745645704978204,1.0774645275547312
120,4.0,3,38469,0.009170585311949253,False,5.416733469228832,8,5,8.049386468342234,0.06707822056951862,1.0963982413867028
120,4.0,4,47526,0.009170585311949253,False,1.9882987359682809,23,10,9.609605243695347,0.08008004369746122,1.5027500986098583
120,4.0,5,23875,0.009170585311949253,False,0.3013113661060341,64,12,13.573434038542302,0.11311195032118586,2.269005921793652
120,4.0,6,41713,0.009170585311949253,False,0.9258198901129663,2,8,9.225304039632222,0.07687753366360185,1.822713945911175
120,4.0,7,26916,0.009170585311949253,False,0.08779765313055893,4,9,10.17390116841132,0.08478250973676099,2.684424650788886
120,4.0,8,32439,0.009170585311949253,False,0.11512944427902858,45,4,38.156416043149264,0.31797013369291055,2.6533650455671856
120,4.0,9,119710,0.009170585311949253,False,1.7397168589308027,2,8,6.816895285871014,0.05680746071559178,1.560134041320714
120,4.0,10,99835,0.009170585311949253,False,0.29606895551331086,45,5,32.06845647965315,0.2672371373304429,2.284110922640308
120,4.0,11,30550,0.009170585311949253,False,0.5894912571351498,23,8,37.99743593924066,0.31664529949367215,2.0050611971900736
120,4.0,12,70487,0.009170585311949253,False,0.5870481920045604,23,13,16.130685788733086,0.13442238157277572,2.004390989523264
120,4.0,13,125138,0.009170585311949253,False,1.1926738584396448,64,11,22.724014146143894,0.18936678455119912,1.7103143687359261
120,4.0,14,51615,0.009170585311949253,False,1.1215195865112266,6,9,23.59565140031767,0.1966304283359806,1.7388077369190191
120,4.0,15,73706,0.009170585311949253,False,2.482459555820221,6,10,13.590034064685584,0.11325028387237987,1.4111817711528232
120,4.0,16,9254,0.009170585311949253,False,4.00545617879165,8,11,16.154561268568436,0.13462134390473696,1.212773320489674
120,4.0,17,5139,0.009170585311949253,False,0.3379573430648761,91,12,15.235664573494361,0.12696387144578633,2.2250109000707705
120,4.0,18,5435,0.009170585311949253,False,0.5854194819175007,64,9,18.053143981375484,0.15044286651146238,2.0042550627009708
120,4.0,19,46577,0.009170585311949253,False,2.2010489910904467,11,10,27.035073643174528,0.22529228035978774,1.4619441532749873
120,8.0,0,105236,0.009170585311949253,False,0.12011736892064874,23,7,31.945043240022457,0.2662086936668538,2.640209710887682
120,8.0,1,70271,0.009170585311949253,False,0.9118231628022975,16,9,22.745536118917908,0.1895461343243159,1.8187193852501955
120,8.0,2,104912,0.009170585311949253,False,0.1328925636660228,64,7,36.97401753800102,0.3081168128166752,2.5921502317482057
120,8.0,3,74227,0.009170585311949253,True,0.01974810980559818,45,3,32.11417547262482,0.2676181289385402,3.2364444422723015
120,8.0,4,19541,0.009170585311949253,False,0.40962058689550046,45,7,45.358960416432204,0.3779913368036017,2.1558369404866444
120,8.0,5,60811,0.009170585311949253,False,0.056495881144881396,45,4,38.156416043149264,0.31797013369291055,2.9077430200104617
120,8.0,6,36913,0.009170585311949253,True,0.009772260522357863,45,4,38.156416043149264,0.31797013369291055,3.2251634318626126
120,8.0,7,40968,0.009170585311949253,False,0.06804954332496074,16,5,15.962322972558187,0.13301935810465157,2.8596755935054463
120,8.0,8,68287,0.009170585311949253,False,0.1541166919880188,64,3,45.16972938628938,0.3764144115524115,2.5228024884096243
120,8.0,9,100853,0.009170585311949253,True,0.01786491376743547,91,2,76.31513611335559,0.6359594676112966,3.2910307000604244
120,8.0,10,87664,0.009170585311949253,False,0.06743877704231338,23,8,26.868244620338498,0.2239020385028208,2.8228647394457513
120,8.0,11,80301,0.009170585311949253,True,0.04499311615502266,32,4,38.156416043149264,0.31797013369291055,3.0067114213571005
120,8.0,12,19445,0.009170585311949253,False,0.4130815958305022,32,7,18.747487608154984,0.15622906340129153,2.1520994306304373
120,8.0,13,78183,0.009170585311949253,False,1.1778118788952257,16,11,22.724014146143894,0.18936678455119912,1.7121786221566415
120,8.0,14,34136,0.009170585311949253,True,0.03466098654023805,45,4,38.156416043149264,0.31797013369291055,3.1086578627911754
120,8.0,15,88004,0.009170585311949253,False,0.13126385357896317,64,5,63.99687469477952,0.5333072891231627,2.5921502317482057
120,8.0,16,78697,0.009170585311949253,False,0.3984232050469654,23,7,16.095038998668738,0.13412532498890614,2.1689179998287433
120,8.0,17,66775,0.009170585311949253,True,0.04336440606796302,32,4,41.666107508744425,0.34721756257287023,3.0000298360005853
120,8.0,18,76492,0.009170585311949253,False,0.12688669521999038,64,5,55.71251531473178,0.46427096095609816,2.597367045009332
120,8.0,19,79019,0.009170585311949253,False,0.9650616237730596,16,8,13.524244950258698,0.11270204125215581,1.7941020682029438
120,16.0,0,105990,0.009170585311949253,True,5.089719022061387e-05,23,6,26.830606813244206,0.22358839011036838,3.774908284785138
120,16.0,1,129541,0.009170585311949253,False,0.042142873502668286,11,9,22.745536118917908,0.1895461343243159,2.962034703555844
120,16.0,2,112844,0.009170585311949253,True,5.089719022061387e-05,45,9,31.957247691111252,0.2663103974259271,3.537474437936283
120,16.0,3,88953,0.009170585311949253,True,0.004631644310075862,23,4,29.46418568092514,0.24553488067437618,3.7556031295897516
120,16.0,4,29929,0.009170585311949253,False,0.06438494562907655,6,5,8.049386468342234,0.06707822056951862,2.7849488531191886
120,16.0,5,6962,0.009170585311949253,True,0.0003053831413236832,91,1,90.99999999999997,0.7583333333333331,4.003162150454414
120,16.0,6,107505,0.009170585311949253,True,0.0003053831413236832,64,5,68.58868659852641,0.5715723883210534,3.548993314718056
120,16.0,7,108825,0.009170585311949253,True,0.00045807471198552484,91,1,90.99999999999997,0.7583333333333331,4.0757128176030255
120,16.0,8,130347,0.009170585311949253,True,0.016948764343464418,91,4,76.10460959452696,0.6342050799543913,3.304192146118395
120,16.0,9,118045,0.009170585311949253,True,0.008041756054856991,128,7,45.358960416432204,0.3779913368036017,3.572914730908905
120,16.0,10,122360,0.009170585311949253,True,0.009975849283240319,64,2,76.31513611335559,0.6359594676112966,3.5151350474570884
120,16.0,11,86094,0.009170585311949253,True,5.089719022061387e-05,45,2,37.94733192202056,0.316227766016838,4.21416804756115
120,16.0,12,59949,0.009170585311949253,True,0.001984990418603941,91,2,76.31513611335559,0.6359594676112966,3.886656581382977
120,16.0,13,107615,0.009170585311949253,True,5.089719022061387e-05,45,5,32.06845647965315,0.2672371373304429,3.9411667754974116
120,16.0,14,108642,0.009170585311949253,True,0.0029520370327956046,64,9,45.19383668234434,0.37661530568620283,3.4939457483871506
120,16.0,15,105402,0.009170585311949253,True,0.0008652522337504358,91,2,53.96295025292817,0.4496912521077347,4.037924256713626
120,16.0,16,122430,0.009170585311949253,True,0.0029520370327956046,91,2,107.92590050585635,0.8993825042154696,3.861832997657945
120,16.0,17,35895,0.009170585311949253,False,0.2061845175837068,32,12,19.195734505283134,0.15996445421069277,2.377728787206258
120,16.0,18,110206,0.009170585311949253,True,0.0007125606630885942,91,1,90.99999999999997,0.7583333333333331,4.003162150454414
120,16.0,19,90286,0.009170585311949253,True,0.00045807471198552484,91,1,90.99999999999997,0.7583333333333331,4.1628629933219266
120,32.0,0,95683,0.009170585311949253,True,5.089719022061387e-05,16,9,22.745536118917908,0.1895461343243159,3.573286124024355
120,32.0,1,122835,0.009170585311949253,True,0.0001526915706618416,128,6,60.51454995061908,0.504287916255159,3.669824743916961
120,32.0,2,64504,0.009170585311949253,True,5.089719022061387e-05,11,5,19.67317144186625,0.1639430953488854,4.075978055862681
120,32.0,3,127374,0.009170585311949253,True,0.0003053831413236832,91,3,50.79269946961645,0.4232724955801371,4.117105502761251
120,32.0,4,116347,0.009170585311949253,True,5.089719022061387e-05,91,1,90.99999999999997,0.7583333333333331,4.1628629933219266
120,32.0,5,37867,0.009170585311949253,True,5.089719022061387e-05,32,2,22.62741699796952,0.18856180831641264,5.117301131656349
120,32.0,6,57257,0.009170585311949253,True,5.089719022061387e-05,32,11,32.13629691429061,0.2678024742857551,3.52623652462985
120,32.0,7,16930,0.009170585311949253,True,5.089719022061387e-05,23,1,23.0,0.19166666666666668,5.117330965607344
120,32.0,8,82126,0.009170585311949253,True,5.089719022061387e-05,8,6,13.560382916305636,0.11300319096921364,4.075987999146897
120,32.0,9,81638,0.009170585311949253,True,0.00010179438044122774,91,1,90.99999999999997,0.7583333333333331,4.1628629933219266
120,32.0,10,31371,0.009170585311949253,True,5.089719022061387e-05,32,10,27.035073643174528,0.22529228035978774,3.515241140328387
120,32.0,11,28058,0.009170585311949253,True,0.0029520370327956046,45,5,36.75655234342227,0.30630460286185224,3.7748353537308867
120,32.0,12,9785,0.009170585311949253,True,0.012062634082285487,128,11,22.724014146143894,0.18936678455119912,3.310802801275293
120,32.0,13,28999,0.009170585311949253,True,0.027993454621337628,11,4,13.414751211529492,0.11178959342941243,2.980650173864499
120,32.0,14,104869,0.009170585311949253,True,5.089719022061387e-05,91,2,31.638584039112747,0.2636548669926062,4.117105502761251
120,32.0,15,52967,0.009170585311949253,True,0.0014251213261771885,45,8,37.99743593924066,0.31664529949367215,3.737046792841487
120,32.0,16,28531,0.009170585311949253,True,0.0013742241359565746,45,7,33.54056853681245,0.27950473780677043,3.838504433600264
120,32.0,17,22987,0.009170585311949253,True,0.0029520370327956046,32,6,32.40239839516164,0.270019986626347,3.52623652462985
120,32.0,18,122036,0.009170585311949253,True,0.00010179438044122774,91,1,90.99999999999997,0.7583333333333331,4.1628629933219266
120,32.0,19,38457,0.009170585311949253,False,0.03827468704590163,11,10,27.035073643174528,0.22529228035978774,2.8669507387120117
