L,q,hit_rate,median_rank_pct,median_len_ratio,median_lengths_within_2x,trials
6,2.0,0.0,6.550697418748998,0.7319438452969889,5.0,20
6,4.0,0.0,1.7515759042522059,0.6825575036930731,5.0,20
6,8.0,0.0,0.6953065156038061,0.5773502691896256,4.0,20
6,16.0,0.3,0.28566048011319534,0.5773502691896256,4.0,20
6,32.0,0.6,0.01753408203100148,0.5773502691896256,3.0,20
30,2.0,0.0,3.265996350671461,0.24872051668930964,8.5,20
30,4.0,0.0,1.5457985641902638,0.2479640437287828,6.0,20
30,8.0,0.15,0.5005229686295168,0.270280564437107,7.0,20
30,16.0,0.65,0.03140356636611876,0.3440090961092668,5.5,20
30,32.0,0.95,0.00010179438044122774,0.3796698690915515,3.5,20
120,2.0,0.0,2.3700785598131056,0.05836505744533689,7.0,20
120,4.0,0.0,1.0236697383120965,0.13452186273875633,9.0,20
120,8.0,0.3,0.12350203207031957,0.31304347325479287,5.0,20
120,16.0,0.85,0.0014251213261771882,0.4138412944556682,4.0,20
120,32.0,0.95,0.00010179438044122774,0.26572867063918065,5.5,20
