layout,block,median_ms,p95_ms,min_ms,n,first_ms,reduced_reps,inner_R,single_wall_ms,dispatch_overhead_ms
k-major,64,3.7255040407180786,4.3465616464614865,2.5845119953155518,30,4.400320053100586,False,1,3.289356000038879,-0.43614804067919977
start-major,64,8.976160049438477,9.075092887878418,8.803936004638672,30,11.528544425964355,False,1,9.506558999987647,0.53039895054917
k-major,128,2.592911958694458,2.635747182369232,2.5466558933258057,30,2.6911680698394775,False,1,3.202164000015273,0.6092520413208149
start-major,128,9.051504135131836,9.208463954925536,8.880127906799316,30,11.791263580322266,False,1,9.550605499953235,0.49910136482139933
k-major,256,2.4759360551834106,2.556529676914215,2.4414401054382324,30,2.60915207862854,False,1,3.0996234999634,0.6236874447799892
start-major,256,8.913472175598145,9.061988925933838,8.658528327941895,30,11.78006362915039,False,1,9.411977500008106,0.49850532440996176
k-major,512,2.440943956375122,2.4994223952293395,2.4369919300079346,30,2.571392059326172,False,1,2.9860539999617686,0.5451100435866465
start-major,512,8.758335590362549,8.937908840179443,8.52620792388916,30,11.640576362609863,False,1,9.282505999919977,0.5241704095574278
k-major,1024,2.4805279970169067,2.5254032611846924,2.447999954223633,30,2.668544054031372,False,1,2.9554435000136436,0.4749155029967369
start-major,1024,8.743535995483398,8.931270313262939,8.632608413696289,30,10.834527969360352,False,1,9.311635500012017,0.5680995045286181
