N,set,ladder,K,candidates,evals,w_bar,calibration_point,cpu1t_median_ms,cpu1t_p95_ms,cpu1t_min_ms,cpu1t_n,cpu1t_first_ms,cpu1t_reduced_reps,cpumt_median_ms,cpumt_p95_ms,cpumt_min_ms,cpumt_n,cpumt_first_ms,cpumt_reduced_reps,smart_median_ms,smart_p95_ms,smart_min_ms,smart_n,smart_first_ms,smart_reduced_reps,kernel_median_ms,kernel_p95_ms,kernel_min_ms,kernel_n,kernel_first_ms,kernel_reduced_reps,kernel_inner_R,kernel_single_wall_ms,kernel_dispatch_overhead_ms,e2e_median_ms,e2e_p95_ms,e2e_min_ms,e2e_n,e2e_first_ms,e2e_reduced_reps,pred_e2e_ms,pred_cpu1t_ms,pred_cpumt_ms,speedup_e2e_vs_cpu1t,gpu_wins_cpu1t,speedup_e2e_vs_cpumt,gpu_wins_cpumt,speedup_e2e_vs_smart,gpu_wins_smart,pred_gpu_wins_cpu1t,pred_gpu_wins_cpumt,pred_e2e_err_pct
1000,K1,False,1,999,1998,2.0,True,0.008179500014193763,0.008596750006972798,0.008073999993030156,30,0.02590600001894927,False,0.02123200005144099,0.02296524994562787,0.020910999978696054,30,0.12153300008321821,False,0.02220449999867924,0.02603440003667855,0.013204999959270936,30,0.04229700004998449,False,0.0024556000530719757,0.002457599937915802,0.0024483199417591095,30,0.02643200010061264,False,200,0.015003999976670457,0.01254839992359848,0.12208850000661187,0.1630149000902747,0.1091289999521905,30,0.23936000002322544,False,0.11730500000339816,0.007993999986410927,0.025288500012266013,0.0669964821727746,False,0.1739066337148146,False,0.18187216648150092,False,False,False,-3.9180594429079285
4000,K1,False,1,3999,7998,2.0,False,0.025310000012268574,0.037984800007961894,0.02518799999506882,30,0.04360900004485302,False,0.06629000006341812,0.07454064996181842,0.06557999995493446,30,0.1558470000873058,False,0.06740550003314638,0.10377899999411966,0.06341199991766189,30,0.13774100000318867,False,0.0024773599952459336,0.0026792240142822265,0.0024566400051116944,30,0.0315839983522892,False,200,0.015212999983305053,0.01273563998805912,0.13744550005867495,0.1664970999968318,0.1272399999834306,30,0.23400700001730002,False,0.13622530236361263,0.018858876201173207,0.06982836369121097,0.18414571594896764,False,0.48230025744836447,False,0.4904162013625127,False,False,False,-0.8877683842260545
16000,K1,False,1,15999,31998,2.0,False,0.2006689999802802,0.24098300001469397,0.18755100006728753,30,0.22864699997171556,False,0.4795840000042517,0.5400634500858814,0.438328999962323,30,0.5291669999678561,False,0.48753450005278864,0.5607218500131239,0.4472140000189029,30,0.5505699999730496,False,0.0029042258774493374,0.00291019206666677,0.002639909585316976,30,0.03855999931693077,False,177,0.0202219999891895,0.01731777411174016,0.2790505000689336,0.30955145003872525,0.25466099998538994,30,0.3927609999436754,False,0.21190651180447045,0.06231838106022232,0.24798781840699075,0.7191135652174395,False,1.7186279898648469,True,1.747119248782401,True,False,True,-24.061590374457897
64000,K1,False,1,63999,127998,2.0,False,0.37556550000772404,0.42371929995397295,0.34500000003845344,30,0.4795690000491959,False,0.9984425000197916,1.5857215500147939,0.9022980000281677,30,1.0670689999869865,False,1.2778345000583613,1.35027480001213,1.1477280000917744,30,1.5724500000260377,False,0.004284466336841232,0.004296638117246101,0.004261889706360051,30,0.04217600077390671,False,163,0.01692400002184513,0.012639533685003899,0.8260590000190859,0.9348737500090465,0.602083999979186,30,0.9731539998938388,False,0.5146313495679018,0.23615640049641878,0.96062563727011,0.4546473072735079,False,1.2086818253862288,True,1.546904640018252,True,False,True,-37.70041249402146
256000,K1,False,1,255999,511998,2.0,False,3.4761480000042866,3.879875200027527,2.0353829999066875,30,3.805981000027714,False,7.5978129999612065,9.614463500020063,5.2895510000325885,30,7.862663999958386,False,8.203207000008206,8.6154631999932,7.760521000022891,30,8.356370000001334,False,0.031338838800307245,0.031483044547419396,0.03114529002097345,30,0.09027200192213058,False,31,0.050979499974346254,0.01964066117403901,2.231097499986845,2.311929050040362,2.149579000047197,30,2.447813000003407,False,1.725530700621627,0.9315084782412045,3.811176912722587,1.5580439671618038,True,3.4054150479779595,True,3.676758635629583,True,False,True,-22.660004745117543
604800,K1,False,1,604799,1209598,2.0,False,8.532188999993195,9.538946249989522,7.94533299995237,30,8.416011999997863,False,17.475954500014268,21.32693300000028,11.93132000003061,30,18.042048999973304,False,17.490436000059617,19.4107861999953,15.875380000011319,30,19.474881999940408,False,0.07795077103834885,0.07819015292020944,0.07742030803973858,30,0.14112000167369843,False,13,0.10042950003708029,0.022478728998731434,4.753986500020346,4.859321400022054,4.618928000013511,30,6.897191000007297,False,3.925331188369228,2.1947314194775656,8.989678396461253,1.7947440532186365,True,3.6760631314244314,True,3.679109311729169,True,False,True,-17.430745999122458
1000,K15,False,15,14145,739728,52.29607635206787,False,0.9757225000157632,1.0899554000445733,0.9154979999266288,30,0.9788769999659053,False,1.906014999974559,2.4162024000247584,1.7378949999056204,30,2.0965039999509827,False,0.22697600002175022,0.2821310500451091,0.21925500004726928,30,0.42054400000779424,False,0.014515466491381326,0.014541626324256261,0.014482133587201436,30,0.07648000121116638,False,60,0.027302500029691146,0.01278703353830982,0.19245699996872645,0.24526795000383556,0.18246000001909124,30,0.31304699996326235,False,0.17219971616049656,1.0179655919549877,1.3685787825186921,5.069820792043493,True,9.90358885509116,True,1.1793595455537236,True,True,True,-10.525615494121606
4000,K15,False,15,59145,3349728,56.63586101952828,False,4.523930000061682,5.153911299947821,4.21260199993867,30,4.890349999982391,False,6.419541000013851,6.8425108999861095,6.198435999976937,30,7.6662249999799315,False,1.2455505000161793,1.521706499966058,1.112543000090227,30,1.5731210000922147,False,0.020761956108940972,0.02086456861760881,0.02057173384560479,30,0.061344001442193985,False,45,0.03384100000403123,0.013079043895090257,0.44615450002538637,0.5018072000154915,0.4214159999946787,30,0.5233329999327907,False,0.3683793700682679,4.58974104131783,6.103445495712038,10.139828242916453,True,14.388605291773537,True,2.7917470292136626,True,True,True,-17.43233116615277
16000,K15,False,15,239145,13789728,57.662623094775135,False,18.86068900000737,21.568360649962415,18.00556599994252,30,19.229516999985208,False,25.096947500003353,28.613499350046812,24.481112000103167,30,25.998735000030138,False,5.246587999977237,5.438166400057298,4.943409000020438,30,6.209083000044302,False,0.14475011825561523,0.14503284692764282,0.05951246794532327,30,0.11308799684047699,False,17,0.15862549997791575,0.013875381722300517,1.4001755000094818,1.4727565500322726,1.3597109999636814,30,1.63719099998616,False,1.153097985699353,18.8768428387692,25.042912348485423,13.470232124387012,True,17.92414415181054,True,3.747093132212146,True,True,True,-17.646181804242076
64000,K15,False,15,959145,55549728,57.91588133181114,False,75.2276380000012,82.72941369998534,73.1579140000349,27,75.11534299999312,False,99.03842900001791,113.02892004998739,97.75370700003805,20,107.68975400003455,False,20.569146000013916,24.870097750050487,19.687478999912855,30,20.619680999971024,False,0.5754879713058472,0.5780103832483292,0.5734559893608093,30,0.6373119950294495,False,2,0.5898040000147375,0.014316028708890371,4.2700995000473085,4.564504850003458,4.133839000019179,30,4.657456000018101,False,4.291972448223694,76.02525002857469,100.80077975957897,17.617303296836,True,23.1934710183968,True,4.817017964051196,True,True,True,0.5122350937289211
256000,K15,False,15,3839145,222589728,57.97898438324158,False,302.11965549995057,316.2427611999931,294.84289499998795,10,309.8119090000182,False,403.5383670000101,627.830730799968,392.1995139999126,10,406.83765200003563,False,84.21631500004878,94.06018269998525,81.1921849999635,24,85.20671400003721,False,1.5417760014533997,2.291622483730316,1.5380480289459229,30,2.343775987625122,False,1,1.5627220000169473,0.02094599856354762,16.219397000043045,17.92292249996308,15.89439899998979,30,16.926527000009628,False,16.84747029832106,304.61887878779663,403.83224940395314,18.627058422649668,True,24.879985797187103,True,5.192320959886811,True,True,True,3.8723591159174875
604800,K15,False,15,9071145,526045728,57.99110564322365,False,726.5327114999991,741.5548506499988,708.3933310000248,10,859.0987869999935,False,975.0362479999808,1311.6202167999795,952.3134989999562,10,988.5078360000534,False,200.5360945000234,251.73242829994243,195.13526399998682,10,317.7990729999465,False,3.4037920236587524,5.39069435596466,3.2993600368499756,30,5.478528022766113,False,1,3.1026105000364623,-0.3011815236222901,37.422722499968586,39.72226490002413,37.00560400000086,30,38.5691469999756,False,39.656624725997936,719.8973043670499,954.3394192578996,19.414213156207676,True,26.054658316235525,True,5.358671980644694,True,True,True,5.969373890505229
1000,K4 long,False,4,3348,533694,159.40681003584228,False,0.7543184999576624,0.910542200006148,0.6893720000107351,30,0.9892790000094465,False,1.7572159999872383,1.9813797000040265,1.5967980000368698,30,1.922799999988456,False,0.08931550001989308,0.12201539996681271,0.07582300008834864,30,0.127234000046883,False,0.010494200140237808,0.010514080077409746,0.010470400005578995,30,0.04588799923658371,False,80,0.027807500032395183,0.017313299892157373,0.175308500047322,1.3631338999914475,0.1218209999933606,30,0.3655670000171085,False,0.13015197282439617,0.7293710384323754,0.9106310711829266,4.302806194531612,True,10.023564171234726,True,0.5094761520164945,False,True,True,-25.758321593497456
4000,K4 long,False,4,15348,2501694,162.99804534792807,False,3.969559999973171,4.541485049992388,3.6966999999776817,30,4.683527999986836,False,9.144289000005301,10.094231300013234,6.928544000061265,30,9.421528999951079,False,0.52353649999759,0.5915640500688824,0.47959100004391075,30,0.5774290000317706,False,0.019456000431724216,0.01950156552636105,0.019411478353583294,30,0.0551999993622303,False,46,0.039249499991456105,0.01979349955973189,0.28986199998826123,0.3578422499458611,0.23682599999119702,30,0.3753970000843765,False,0.1977234387280045,3.402478036600511,4.226012139220067,13.69465469821477,True,31.547043076966364,True,1.806157757894419,True,True,True,-31.787043925726085
16000,K4 long,False,4,63348,10373694,163.75724569047168,False,14.467358499985039,16.452657400003545,13.49909399993976,30,18.323798999972496,False,17.934219499977644,21.89747119998627,17.40638800004035,30,19.281504999980825,False,1.3756854999655843,1.5292947499744969,1.2824039999941306,30,1.7959450000262223,False,0.048137600719928744,0.04843519926071167,0.04772160053253174,30,0.09203200042247772,False,20,0.06069050004953169,0.012552899329602948,0.5310315000315313,0.590411300015603,0.5041269999992437,30,0.6264300000111689,False,0.4680093023424378,14.094906029273053,17.48753641136863,27.243880069498708,True,33.772421219669184,True,2.590591141738107,True,True,True,-11.867883107753759
64000,K4 long,False,4,255348,41861694,163.9397763052775,True,57.23685400005252,60.354664600009755,56.04352599993945,30,57.95935200001168,False,69.98604249997697,106.67291519997657,69.03340700000626,28,86.04676100003417,False,9.186605000024883,10.110248850071455,7.999749000077827,30,10.15930500000195,False,0.4180426597595215,0.4206586718559265,0.2618880073229472,30,0.47200000286102295,False,3,0.2828055000350105,-0.135237159724511,1.9020909999767355,1.9459883999843441,1.832594000006793,30,2.0333690000597926,False,1.5491527568001713,56.86461799996323,70.53363349996289,30.09154346493022,True,36.79426615279341,True,4.829740007253725,True,True,True,-18.55527643950163
256000,K4 long,False,4,1023348,167813694,163.98497285380927,False,230.62366550004754,244.56717080003042,228.3003350000854,10,228.198951999957,False,284.42683199995145,366.47916334999866,274.14199899999403,10,287.58218300004046,False,37.94909949999692,39.76981719994228,37.13304199993672,30,37.77307099994687,False,1.6175840497016907,1.622001576423645,0.7723199725151062,30,1.6780799627304077,False,1,0.796174000015526,-0.8214100496861647,6.0120360000155415,8.11897095007339,5.77849299997979,30,5.92562999997881,False,5.873726574631105,227.9434658827239,282.71802185433995,38.360326767745796,True,47.309569004446445,True,6.312187668187419,True,True,True,-2.3005422020772834
604800,K4 long,False,4,2418548,396626494,163.99364163952916,False,544.7879009999497,556.8816165999749,537.7782900000057,10,549.3373870000369,False,674.3270834999748,715.7749982500548,654.4208640000306,10,997.2805209999933,False,55.40665500001296,57.98987989998068,53.8706339999635,30,58.16734399991219,False,3.796992063522339,3.7988688111305238,1.5360959768295288,30,3.8657279014587402,False,1,1.6910815000414914,-2.1059105634808475,11.83451649995959,12.471194249997096,11.557317999972838,30,12.947303000032662,False,13.730035677023967,538.7367062030725,668.1863273647915,46.033811436386934,True,56.97969017173429,True,4.681784422726704,True,True,True,16.016870457452555
1000,K4 short,False,4,3989,14950,3.7478064677864125,False,0.03069450002612939,0.03456969996022961,0.030567999942832103,30,0.05051400000866124,False,0.08433850001665633,0.09356810003851024,0.07833799998024915,30,0.16063799989751715,False,0.06566050001310941,0.11259240000072163,0.06394500007900206,30,0.1845230000299125,False,0.0024749600142240525,0.0026007440835237503,0.0024580800533294677,30,0.02768000029027462,False,200,0.015940500020406034,0.013465540006181982,0.1348344999883011,0.1541625000129443,0.12393899999096902,30,0.2531750000116517,False,0.12861414034878935,0.028253679660781898,0.08093129104277319,0.22764574369907253,False,0.6254964421121741,False,0.48697106466673173,False,False,False,-4.613329407571109
4000,K4 short,False,4,15989,59950,3.7494527487647757,False,0.23881549998350238,0.2995128000350178,0.11631699999270495,30,0.28927000005296577,False,0.6122490000279868,0.6572534999747859,0.5464239999355414,30,0.7582100000718128,False,0.5394649999743706,0.5936888000235285,0.4904569999553132,30,0.6092360000593544,False,0.0026415200531482697,0.0026419198513031004,0.002640959918498993,30,0.06739199906587601,False,200,0.016432999984772323,0.013791479931624053,0.2042510000137554,0.2225432999921395,0.18946599993796553,30,0.334795999947346,False,0.1815754401027541,0.10011987040434274,0.2929804854086294,1.1692256095070241,True,2.997532447756704,True,2.6411865789545215,True,False,True,-11.101810962724402
16000,K4 short,False,4,63989,239950,3.749863257747425,False,1.0873429999378459,2.391335150008441,0.8049780000192186,30,0.9188730000460055,False,2.292930000010074,2.544011350016717,2.086900999984209,30,2.3366929999610875,False,2.128748500012989,2.2692557000084435,1.8637860000580986,30,2.165815000012117,False,0.004683189532336067,0.004696867902294483,0.0046596601118449295,30,0.057631999254226685,False,153,0.02199800002244956,0.01731481049011349,0.5623929999387656,0.5936345500060725,0.5383709999478015,30,0.6763019999880271,False,0.3934206391186131,0.3875846333785862,1.1411772628720542,1.9334220021519433,True,4.077095554638363,True,3.785161800102013,True,False,True,-30.04524608922062
64000,K4 short,False,4,255989,959950,3.7499658188437786,False,1.9346814999607886,2.0852941999919494,1.7484569999624,30,1.8951509999851623,False,5.084049999993567,6.289027899981643,4.637131000094996,30,5.10538500009261,False,5.697322499997881,6.270765250042131,5.28760700001385,30,5.881155999986731,False,0.018724571685401762,0.01885642470145712,0.018526040777868152,30,0.10396800190210342,False,49,0.03035200001022531,0.011627428324823549,1.5423595000356727,1.5830567000477913,1.4763329999141206,30,1.6410519999681128,False,1.240801435182049,1.5374436852755597,4.533964372725754,1.2543648221546546,True,3.2962807956744067,True,3.6939004816102274,True,True,True,-19.55173646913375
256000,K4 short,False,4,1023989,3839950,3.7499914549863327,False,7.2360570000000735,7.594208200004004,6.7665010000155235,30,7.534827999961635,False,20.19911350004122,26.565971100001192,19.652950999898167,30,21.6838829999233,False,24.273115500022868,32.2832937000328,20.349498000086896,30,22.394112000029054,False,0.12569600343704224,0.12822300121188163,0.1254120022058487,30,0.20239999890327454,False,8,0.146789999973862,0.02109399653681976,5.106973000067683,5.234448399960456,5.015141000058065,30,5.236211999999796,False,4.630324619435792,6.136879892863454,18.10511281214055,1.4168974458851014,True,3.955202719844715,True,4.752935936747889,True,True,True,-9.333285698310396
604800,K4 short,False,4,2419189,9071950,3.749996383085406,False,17.664093000007597,22.59209170002236,16.847699999971155,30,25.78241700007311,False,42.41898350005613,44.403866799996194,41.150620000053095,30,47.80785899993134,False,49.54836899997872,55.185594649969964,47.65760399993724,30,55.22833999998511,False,0.2916000038385391,0.2922832027077675,0.2908079922199249,30,0.35631999373435974,False,4,0.3069044999506332,0.015304496112094057,10.904831999994258,11.117376399977275,10.42803300003925,30,11.212976999900093,False,10.787958404163428,14.492522336648129,42.75936581041077,1.6198409108931617,True,3.889925447735322,True,4.543707688482025,True,True,True,-1.0717597101073317
1000,K8,False,8,7935,72038,9.078512917454317,False,0.09263399999781541,0.11933320000707681,0.09225999997397594,30,0.13519499998437823,False,0.25458900000785434,0.29132990001130565,0.23682000005464943,30,0.30731200001810066,False,0.13326699996696334,0.2540080000301259,0.12658299999657174,30,0.26750100005301647,False,0.003884144576199083,0.0038953831217375147,0.003873542130711567,30,0.03500799834728241,False,83,0.01639999999270003,0.012515855416500948,0.1548164999576329,0.17434414997410386,0.14715299994350062,30,0.28477199998633296,False,0.14384304404546064,0.10909200964071539,0.21890842182205783,0.5983470755582617,False,1.644456502230222,True,0.8608061802419845,False,False,True,-7.088040302664942
4000,K8,False,8,31935,291038,9.113449193674652,False,0.3918985000268549,0.4347211499748482,0.34758200001760997,30,0.45856999997795356,False,1.0666940000305658,1.1589281000112805,0.9751290000394874,30,1.1132729999872026,False,0.6668865000278856,0.7572752000442051,0.5799410000690841,30,0.9501099999624785,False,0.0040890305685850736,0.004095322643320984,0.004084417059377659,30,0.05212799832224846,False,163,0.024224000014783087,0.02013496944619801,0.3132434999884026,0.467779450019634,0.2550660000224525,30,0.5639629999905083,False,0.2431192463411998,0.4273226044184092,0.8511866398328112,1.251098586375661,True,3.4053188655792015,True,2.128971551053976,True,True,True,-22.386499209017607
16000,K8,False,8,127935,1167038,9.12211669988666,False,1.817365499960033,2.4286130999826123,1.4257180000640801,30,1.642407999952411,False,4.093781499989291,4.393470600047067,3.8209780000215687,30,5.688569999961146,False,2.699782000036066,2.8877800999680403,2.4495080000406233,30,3.147807000004832,False,0.008836123746694978,0.008853707024731587,0.00880791723113699,30,0.049695998430252075,False,97,0.02096099996151679,0.012124876214821813,0.8005104999142532,0.8368022500633288,0.7560950000424782,30,0.9053789999597939,False,0.6402240555241567,1.7002449835291844,3.380299511875825,2.2702581667007498,True,5.113963527558723,True,3.37257537574492,True,True,True,-20.02302835593856
64000,K8,False,8,511935,4671038,9.124279449539491,True,9.847153999942293,11.672346350025009,8.098571000004995,30,13.414133999958722,False,14.945872999987841,26.60391135003124,13.313582000023416,30,24.64244600002985,False,10.672138500012807,11.142700799956629,10.312131999967278,30,11.282509000011487,False,0.03675200045108795,0.0371285535968267,0.03654153759662922,30,0.0875839963555336,False,26,0.050168999962352245,0.013416999511264294,2.4615515000050436,2.5247768500094026,2.3749340000449592,30,2.568623000001935,False,2.228643292255984,6.791934499972285,13.49675100004788,4.000385122928412,True,6.071728745044424,True,4.335533300843366,True,True,True,-9.461845821571583
256000,K8,False,8,2047935,18687038,9.124819879537192,False,27.17985849994875,30.149096499997082,24.86886200006211,30,45.63735199997154,False,54.00020799993399,61.37101400001367,52.403703999971185,30,54.219639000052666,False,43.37075399996593,47.519608350046376,42.56909900004757,30,46.27733300003456,False,0.3136719912290573,0.3141412064433098,0.2555359899997711,30,0.3894079923629761,False,4,0.2700085000242325,-0.04366349120482482,8.614939999972648,9.575944250070734,8.366043000023637,30,8.802048000006835,False,8.582320239183293,27.15869256574469,53.962556952736094,3.1549678233435223,True,6.26820476986554,True,5.034365184215285,True,True,True,-0.37864176406868805
604800,K8,False,8,4838335,44149438,9.12492375992981,False,65.63153100000818,69.60560320007971,61.49081600005957,30,80.0375430000031,False,195.91996400004064,240.6024124999817,124.29953999992449,11,129.0642310000294,False,105.42326600000251,154.26799020003727,101.91532999999708,17,172.04245000004903,False,0.7322559952735901,0.7332568138837814,0.6010879874229431,30,0.8118399977684021,False,2,0.6163344999663423,-0.11592149530724782,20.05334450001328,22.15444099993533,19.719739000038317,30,20.646177000003263,False,20.124833359434565,64.15830305189789,127.47543776678634,3.2728471303110918,True,9.769939572918167,True,5.257141321236101,True,True,True,0.35649344886702405
604800,w=11,True,1,604790,6652690,11.0,False,13.69696000000431,17.17279189998635,11.825091999980941,30,8.78169399993567,False,33.05821850005941,34.14919874998077,29.269129999988763,30,31.920538999997916,False,20.343351500059725,21.360840749991894,17.271270000037475,30,24.06237700006386,False,0.09793454950506036,0.09815737930211153,0.09780073165893555,30,0.16070400178432465,False,11,0.10611100003643514,0.00817645053137478,4.923531500026002,6.090845499954867,4.578659999992851,30,5.8386719999816705,False,3.9666518266668294,9.557590063174858,17.77362005242867,2.7819381271211476,True,6.714330658773043,True,4.131861754099124,True,True,True,-19.434823832326835
604800,w=16,True,1,604785,9676560,16.0,False,13.252013999988321,15.59425330002568,12.26426599998831,30,17.690638999965813,False,23.576533000039035,25.38337479996926,20.892615999969166,30,25.075151999999434,False,14.570111500006533,15.303117450019954,14.071559000058187,30,19.63520599997537,False,0.12646399438381195,0.12666820213198662,0.12621599435806274,30,0.18428799510002136,False,8,0.15535800002908218,0.028894005645270227,5.06098649998421,5.586273349990733,4.398111000000426,30,5.222635999984959,False,3.9896072050008424,13.647972398498183,22.653474673278403,2.6184646017193813,True,4.658485652967577,True,2.8789074027468735,True,True,True,-21.16937666177751
604800,w=2,True,1,604799,1209598,2.0,False,4.211486999963654,7.157809799980441,3.5419629999751123,30,4.109618999905251,False,9.74573599995665,10.416864500058407,9.284382000032565,30,10.366671999918253,False,12.011151499962125,12.88176814995836,11.324788000024455,30,20.52271100001235,False,0.07798153620499831,0.07830338386388926,0.07765661753140964,30,0.11984000355005264,False,13,0.0904554999578977,0.012473963752899386,4.294696999977532,4.698007350032185,4.111145000024408,30,4.920972000036272,False,3.925331188369228,2.1947314194775656,8.989678396461253,0.980624942804041,False,2.2692487968319153,True,2.7967401425583605,True,False,True,-8.600509223589842
604800,w=23,True,1,604778,13909894,23.0,False,23.572602000001552,27.002065049987323,22.13285100003759,30,25.713876999930108,False,28.278914499992425,46.08151805000485,27.178035000019918,30,55.73652399993989,False,14.40986100004693,15.557187049972752,13.915908000058153,30,15.473765000024287,False,0.1628342866897583,0.16314354538917542,0.0880731429372515,30,0.2141759991645813,False,7,0.10065650002388793,-0.06217778666587037,4.253203500013569,4.79058685000382,4.088593000005858,30,4.437805999941702,False,4.021744096470875,19.3743940412073,29.485135583509425,5.542316985285644,True,6.648850566379484,True,3.388001773251846,True,True,True,-5.442001623998382
604800,w=3,True,1,604798,1814394,3.0,False,4.225922999978593,4.668598149953596,3.9501710000422463,30,4.769922000036786,False,10.85747999997011,11.282731100021692,10.412031999976534,30,11.104112999987592,False,12.81677950004223,17.626789199988476,12.353953000001638,30,15.067182000052526,False,0.07769476908903855,0.0781823992729187,0.07722338346334603,30,0.12067200243473053,False,13,0.09116949996723633,0.013474730878197783,4.214307500035375,4.3837570999414766,4.0969760000280075,30,4.435469999975794,False,3.9299224311830177,3.012837645927443,9.965684824167976,1.0027562060773023,True,2.5763378680551843,True,3.0412539901121707,True,False,True,-6.748085393625641
604800,w=32,True,1,604769,19352608,32.0,False,24.049036500002785,26.82344020000187,23.015639000050214,30,23.36951200004478,False,38.36287000001448,42.93834994995791,35.570742999993854,30,40.24735999996665,False,20.792755000002217,27.61577504999194,14.034887000093477,30,16.82987099991351,False,0.2117311954498291,0.2121526348590851,0.12261760234832764,30,0.30348798632621765,False,5,0.14166899995871063,-0.07006219549111847,4.431007999983194,4.537444199968377,4.308030999936818,30,4.887504999942394,False,4.0630618628793425,26.736741364558675,38.26846722416314,5.427441453523442,True,8.657820071676689,True,4.692556411561676,True,True,True,-8.303892412409258
604800,w=4,True,1,604797,2419188,4.0,False,8.462569499954498,10.197921149972442,6.64702300002773,30,8.942396999941593,False,21.34816399995998,24.017436900044228,19.194989000084206,30,20.448408999982348,False,21.439693500042267,24.659981350015414,20.358346999955756,30,24.181994000059603,False,0.0771975379723769,0.07760812227542584,0.0765833854675293,30,0.12083200365304947,False,13,0.10088049998557835,0.023682962013201456,4.848676000051455,5.722618699962823,4.397949000008339,30,5.169760000057977,False,3.934513658801626,3.830941166978665,10.941688024280445,1.7453361494693997,True,4.402885241194386,True,4.421762456351949,True,False,True,-18.853854974845248
604800,w=6,True,1,604795,3628770,6.0,False,4.973509000080867,5.431938600008833,4.608046000043942,30,5.26673700005631,False,13.767966499983686,15.194568200041658,13.287773000001835,30,13.90648799997507,False,13.82259500002192,15.961664850016174,13.276757999960864,30,17.514797999979237,False,0.07752861884924081,0.07781735291847816,0.07705353773557223,30,0.12099199742078781,False,13,0.09045949997243952,0.012930881123198706,4.2332494999755,4.700886550017458,4.068505999953231,30,4.314390999979878,False,3.943696068453302,5.467140092885142,12.893684741722629,1.1748679117802179,True,3.2523399577708254,True,3.265244583410904,True,True,True,-6.8399802922996615
604800,w=8,True,1,604793,4838344,8.0,False,6.776998500015452,7.1251189000122395,5.945458000041981,30,6.962277999946309,False,15.78804449997051,21.379468300028734,15.220751000015298,30,18.982329999971626,False,13.958114999979898,14.465789600023982,13.358422999999675,30,15.50373899999613,False,0.07640738441393927,0.07700197100639343,0.07591877075342032,30,0.1157120019197464,False,13,0.08965450001596764,0.013247115602028375,4.293127999972057,4.902777049983342,4.082852999999886,30,4.480767000018204,False,3.9528784173242544,7.103328197196995,14.845668548787803,1.5785689362300779,True,3.677515438643635,True,3.2512692377377865,True,True,True,-7.925446961982441
