k,start,window,S,start_time,window_min,nearest_event,distance_min
0,3608,2,4.816370574526637,2024-01-03 12:08:00+00:00,2,Matrixport note: SEC to reject ETFs; BTC drops,10
0,84571,2,4.515340578862656,2024-02-28 17:31:00+00:00,2,BTC to ~$64k; Coinbase outage,7
1,12795,3,4.339246005555958,2024-01-09 21:15:00+00:00,3,SEC X account hacked: fake ETF approval post,4
0,93356,2,4.272302530176361,2024-03-05 19:56:00+00:00,2,BTC record ~$69.2k then -10% flush,296
1,97410,3,4.163154746500276,2024-03-08 15:30:00+00:00,3,BTC record ~$69.2k then -10% flush,4350
0,93064,2,3.7024272222198,2024-03-05 15:04:00+00:00,2,BTC record ~$69.2k then -10% flush,4
0,12296,2,3.686036806031631,2024-01-09 12:56:00+00:00,2,SEC X account hacked: fake ETF approval post,493
0,17163,2,3.670242538848399,2024-01-12 22:03:00+00:00,2,US spot BTC ETFs start trading,1893
0,92462,2,3.526335963164119,2024-03-05 05:02:00+00:00,2,BTC record ~$69.2k then -10% flush,596
0,5868,2,3.4839321146110316,2024-01-05 01:48:00+00:00,2,Matrixport note: SEC to reject ETFs; BTC drops,2248
0,14171,2,3.332070735179851,2024-01-10 20:11:00+00:00,2,US CPI (Dec),1037
1,82206,3,3.332067420928834,2024-02-27 02:06:00+00:00,3,BTC to ~$64k; Coinbase outage,2371
0,106732,2,3.236586977909827,2024-03-15 02:52:00+00:00,2,"US CPI (Feb, EDT)",3742
2,93187,4,3.1983158492872175,2024-03-05 17:07:00+00:00,4,BTC record ~$69.2k then -10% flush,127
0,57019,2,3.1442727165909194,2024-02-09 14:19:00+00:00,2,US CPI (Jan),5709
0,94365,2,3.076007885032393,2024-03-06 12:45:00+00:00,2,BTC record ~$69.2k then -10% flush,1305
0,103282,2,3.041853608798087,2024-03-12 17:22:00+00:00,2,"US CPI (Feb, EDT)",292
0,62781,2,2.9935489292235324,2024-02-13 14:21:00+00:00,2,US CPI (Jan),51
0,7014,2,2.9902957718258105,2024-01-05 20:54:00+00:00,2,Matrixport note: SEC to reject ETFs; BTC drops,3394
0,103140,2,2.9620645327255564,2024-03-12 15:00:00+00:00,2,"US CPI (Feb, EDT)",150
