length,strength,policy,K,s_min,episode_gap,positions,p
6,4,0,8,1.5,30,63995,0.004406594265176967
6,4,1,8,1.5,60,63995,0.005875459020235956
6,4,2,8,1.5,120,63995,0.004906633330728963
6,4,3,8,2.0,30,63995,0.004406594265176967
6,4,4,8,2.0,60,63995,0.005875459020235956
6,4,5,8,2.0,120,63995,0.004906633330728963
6,4,6,8,2.5,30,63995,0.004406594265176967
6,4,7,8,2.5,60,63995,0.004812876005937964
6,4,8,8,2.5,120,63995,0.00398468630361747
6,4,9,8,3.0,30,63995,0.0010469567934994922
6,4,10,8,3.0,60,63995,0.0010313305727009923
6,4,11,8,3.0,120,63995,0.0011250878974919916
6,4,12,15,1.5,30,63995,0.004719118681146965
6,4,13,15,1.5,60,63995,0.005437924837877959
6,4,14,15,1.5,120,63995,0.004594108914758965
6,4,15,15,2.0,30,63995,0.004719118681146965
6,4,16,15,2.0,60,63995,0.005437924837877959
6,4,17,15,2.0,120,63995,0.004594108914758965
6,4,18,15,2.5,30,63995,0.004719118681146965
6,4,19,15,2.5,60,63995,0.004375341823579967
6,4,20,15,2.5,120,63995,0.0037034143292444723
6,4,21,15,3.0,30,63995,0.0009531994687084929
6,4,22,15,3.0,60,63995,0.0007813110399249941
6,4,23,15,3.0,120,63995,0.0009844519103054926
6,8,0,8,1.5,30,63995,0.00800062504883194
6,8,1,8,1.5,60,63995,0.0133135401203219
6,8,2,8,1.5,120,63995,0.011563403390889914
6,8,3,8,2.0,30,63995,0.00800062504883194
6,8,4,8,2.0,60,63995,0.0133135401203219
6,8,5,8,2.0,120,63995,0.011563403390889914
6,8,6,8,2.5,30,63995,0.00800062504883194
6,8,7,8,2.5,60,63995,0.009860145323853426
6,8,8,8,2.5,120,63995,0.008594421439174936
6,8,9,8,3.0,30,63995,0.0022032971325884835
6,8,10,8,3.0,60,63995,0.001968903820610985
6,8,11,8,3.0,120,63995,0.001859520275021486
6,8,12,15,1.5,30,63995,0.008672552543167435
6,8,13,15,1.5,60,63995,0.012782248613172904
6,8,14,15,1.5,120,63995,0.011266505195718415
6,8,15,15,2.0,30,63995,0.008672552543167435
6,8,16,15,2.0,60,63995,0.012782248613172904
6,8,17,15,2.0,120,63995,0.011266505195718415
6,8,18,15,2.5,30,63995,0.008672552543167435
6,8,19,15,2.5,60,63995,0.00932885381670443
6,8,20,15,2.5,120,63995,0.008297523244003438
6,8,21,15,3.0,30,63995,0.002000156262207985
6,8,22,15,3.0,60,63995,0.001609500742245488
6,8,23,15,3.0,120,63995,0.0016563794046409875
6,16,0,8,1.5,30,63995,0.11380576607547464
6,16,1,8,1.5,60,63995,0.22103289319478084
6,16,2,8,1.5,120,63995,0.2153136963825299
6,16,3,8,2.0,30,63995,0.11380576607547464
6,16,4,8,2.0,60,63995,0.22103289319478084
6,16,5,8,2.0,120,63995,0.2153136963825299
6,16,6,8,2.5,30,63995,0.11380576607547464
6,16,7,8,2.5,60,63995,0.17776388780373467
6,16,8,8,2.5,120,63995,0.17032580670364872
6,16,9,8,3.0,30,63995,0.008375654347995937
6,16,10,8,3.0,60,63995,0.007156809125712946
6,16,11,8,3.0,120,63995,0.006797406047347449
6,16,12,15,1.5,30,63995,0.12657238846784905
6,16,13,15,1.5,60,63995,0.22076724744120635
6,16,14,15,1.5,120,63995,0.2150793030705524
6,16,15,15,2.0,30,63995,0.12657238846784905
6,16,16,15,2.0,60,63995,0.22076724744120635
6,16,17,15,2.0,120,63995,0.2150793030705524
6,16,18,15,2.5,30,63995,0.12657238846784905
6,16,19,15,2.5,60,63995,0.17749824205016018
6,16,20,15,2.5,120,63995,0.1701226658332682
6,16,21,15,3.0,30,63995,0.008250644581607939
6,16,22,15,3.0,60,63995,0.0069536682553324475
6,16,23,15,3.0,120,63995,0.006641143839362451
6,32,0,8,1.5,30,63995,0.5482928353777639
6,32,1,8,1.5,60,63995,0.594655832486913
6,32,2,8,1.5,120,63995,0.5895460582858035
6,32,3,8,2.0,30,63995,0.5482928353777639
6,32,4,8,2.0,60,63995,0.594655832486913
6,32,5,8,2.0,120,63995,0.5895460582858035
6,32,6,8,2.5,30,63995,0.5482928353777639
6,32,7,8,2.5,60,63995,0.5763731541526682
6,32,8,8,2.5,120,63995,0.5684194077662318
6,32,9,8,3.0,30,63995,0.3715290257051332
6,32,10,8,3.0,60,63995,0.3694507383389327
6,32,11,8,3.0,120,63995,0.3651535276193453
6,32,12,15,1.5,30,63995,0.5580279709352293
6,32,13,15,1.5,60,63995,0.59437456051254
6,32,14,15,1.5,120,63995,0.5893585436362215
6,32,15,15,2.0,30,63995,0.5580279709352293
6,32,16,15,2.0,60,63995,0.59437456051254
6,32,17,15,2.0,120,63995,0.5893585436362215
6,32,18,15,2.5,30,63995,0.5580279709352293
6,32,19,15,2.5,60,63995,0.5760918821782952
6,32,20,15,2.5,120,63995,0.5682318931166498
6,32,21,15,3.0,30,63995,0.3712477537307602
6,32,22,15,3.0,60,63995,0.3691694663645597
6,32,23,15,3.0,120,63995,0.3649660129697633
6,64,0,8,1.5,30,63995,0.8071880615673099
6,64,1,8,1.5,60,63995,0.8276115321509493
6,64,2,8,1.5,120,63995,0.8256895069927338
6,64,3,8,2.0,30,63995,0.8071880615673099
6,64,4,8,2.0,60,63995,0.8276115321509493
6,64,5,8,2.0,120,63995,0.8256895069927338
6,64,6,8,2.5,30,63995,0.8071880615673099
6,64,7,8,2.5,60,63995,0.8202984608172513
6,64,8,8,2.5,120,63995,0.8173294788655364
6,64,9,8,3.0,30,63995,0.6486600515665286
6,64,10,8,3.0,60,63995,0.6483006484881632
6,64,11,8,3.0,120,63995,0.6473005703570591
6,64,12,15,1.5,30,63995,0.8124228455348074
6,64,13,15,1.5,60,63995,0.8271896241893898
6,64,14,15,1.5,120,63995,0.8252050941479803
6,64,15,15,2.0,30,63995,0.8124228455348074
6,64,16,15,2.0,60,63995,0.8271896241893898
6,64,17,15,2.0,120,63995,0.8252050941479803
6,64,18,15,2.5,30,63995,0.8124228455348074
6,64,19,15,2.5,60,63995,0.8198765528556918
6,64,20,15,2.5,120,63995,0.8168450660207829
6,64,21,15,3.0,30,63995,0.6482693960465662
6,64,22,15,3.0,60,63995,0.6478787405266037
6,64,23,15,3.0,120,63995,0.6468161575123057
6,128,0,8,1.5,30,63995,0.8933979217126338
6,128,1,8,1.5,60,63995,0.9069771075865302
6,128,2,8,1.5,120,63995,0.9059614032346277
6,128,3,8,2.0,30,63995,0.8933979217126338
6,128,4,8,2.0,60,63995,0.9069771075865302
6,128,5,8,2.0,120,63995,0.9059614032346277
6,128,6,8,2.5,30,63995,0.8933979217126338
6,128,7,8,2.5,60,63995,0.9031330572700992
6,128,8,8,2.5,120,63995,0.9019923431518088
6,128,9,8,3.0,30,63995,0.8379248378779592
6,128,10,8,3.0,60,63995,0.8378779592155637
6,128,11,8,3.0,120,63995,0.8373310414876162
6,128,12,15,1.5,30,63995,0.8932572857254473
6,128,13,15,1.5,60,63995,0.9068208453785452
6,128,14,15,1.5,120,63995,0.9058051410266427
6,128,15,15,2.0,30,63995,0.8932572857254473
6,128,16,15,2.0,60,63995,0.9068208453785452
6,128,17,15,2.0,120,63995,0.9058051410266427
6,128,18,15,2.5,30,63995,0.8932572857254473
6,128,19,15,2.5,60,63995,0.9029767950621143
6,128,20,15,2.5,120,63995,0.9018360809438237
6,128,21,15,3.0,30,63995,0.8377998281115712
6,128,22,15,3.0,60,63995,0.8377216970075787
6,128,23,15,3.0,120,63995,0.8371747792796312
30,4,0,8,1.5,30,63971,0.021556642853793124
30,4,1,8,1.5,60,63971,0.029888543246158417
30,4,2,8,1.5,120,63971,0.027856372418752245
30,4,3,8,2.0,30,63971,0.021556642853793124
30,4,4,8,2.0,60,63971,0.029888543246158417
30,4,5,8,2.0,120,63971,0.027856372418752245
30,4,6,8,2.5,30,63971,0.021556642853793124
30,4,7,8,2.5,60,63971,0.023401228681746416
30,4,8,8,2.5,120,63971,0.02177549201982148
30,4,9,8,3.0,30,63971,0.005518125400572134
30,4,10,8,3.0,60,63971,0.005346172484406997
30,4,11,8,3.0,120,63971,0.005221115818105079
30,4,12,15,1.5,30,63971,0.022760313266949085
30,4,13,15,1.5,60,63971,0.029982335745884853
30,4,14,15,1.5,120,63971,0.027856372418752245
30,4,15,15,2.0,30,63971,0.022760313266949085
30,4,16,15,2.0,60,63971,0.029982335745884853
30,4,17,15,2.0,120,63971,0.027856372418752245
30,4,18,15,2.5,30,63971,0.022760313266949085
30,4,19,15,2.5,60,63971,0.023495021181472855
30,4,20,15,2.5,120,63971,0.02177549201982148
30,4,21,15,3.0,30,63971,0.005627549983586312
30,4,22,15,3.0,60,63971,0.005439964984133436
30,4,23,15,3.0,120,63971,0.005314908317831517
30,8,0,8,1.5,30,63971,0.16454330868674868
30,8,1,8,1.5,60,63971,0.23857685513748417
30,8,2,8,1.5,120,63971,0.23223022932266182
30,8,3,8,2.0,30,63971,0.16454330868674868
30,8,4,8,2.0,60,63971,0.23857685513748417
30,8,5,8,2.0,120,63971,0.23223022932266182
30,8,6,8,2.5,30,63971,0.16454330868674868
30,8,7,8,2.5,60,63971,0.20063778899813978
30,8,8,8,2.5,120,63971,0.19361898360194463
30,8,9,8,3.0,30,63971,0.013881289959512905
30,8,10,8,3.0,60,63971,0.012802676212658862
30,8,11,8,3.0,120,63971,0.01223992121430023
30,8,12,15,1.5,30,63971,0.17445404949117568
30,8,13,15,1.5,60,63971,0.23879570430351252
30,8,14,15,1.5,120,63971,0.23223022932266182
30,8,15,15,2.0,30,63971,0.17445404949117568
30,8,16,15,2.0,60,63971,0.23879570430351252
30,8,17,15,2.0,120,63971,0.23223022932266182
30,8,18,15,2.5,30,63971,0.17445404949117568
30,8,19,15,2.5,60,63971,0.20085663816416813
30,8,20,15,2.5,120,63971,0.19361898360194463
30,8,21,15,3.0,30,63971,0.014006346625814823
30,8,22,15,3.0,60,63971,0.013021525378687218
30,8,23,15,3.0,120,63971,0.01223992121430023
30,16,0,8,1.5,30,63971,0.6268152756717887
30,16,1,8,1.5,60,63971,0.7067577496052899
30,16,2,8,1.5,120,63971,0.7023807662847228
30,16,3,8,2.0,30,63971,0.6268152756717887
30,16,4,8,2.0,60,63971,0.7067577496052899
30,16,5,8,2.0,120,63971,0.7023807662847228
30,16,6,8,2.5,30,63971,0.6268152756717887
30,16,7,8,2.5,60,63971,0.681762048428194
30,16,8,8,2.5,120,63971,0.6738678463678854
30,16,9,8,3.0,30,63971,0.2863172374982414
30,16,10,8,3.0,60,63971,0.28550436916727895
30,16,11,8,3.0,120,63971,0.28351909458973595
30,16,12,15,1.5,30,63971,0.6467305497803693
30,16,13,15,1.5,60,63971,0.7065389004392615
30,16,14,15,1.5,120,63971,0.7023182379515718
30,16,15,15,2.0,30,63971,0.6467305497803693
30,16,16,15,2.0,60,63971,0.7065389004392615
30,16,17,15,2.0,120,63971,0.7023182379515718
30,16,18,15,2.5,30,63971,0.6467305497803693
30,16,19,15,2.5,60,63971,0.6815431992621657
30,16,20,15,2.5,120,63971,0.6738053180347345
30,16,21,15,3.0,30,63971,0.28598896374919885
30,16,22,15,3.0,60,63971,0.2853636804176893
30,16,23,15,3.0,120,63971,0.28339403792343404
30,32,0,8,1.5,30,63971,0.9298588422879117
30,32,1,8,1.5,60,63971,0.9556830438792578
30,32,2,8,1.5,120,63971,0.9533538634693846
30,32,3,8,2.0,30,63971,0.9298588422879117
30,32,4,8,2.0,60,63971,0.9556830438792578
30,32,5,8,2.0,120,63971,0.9533538634693846
30,32,6,8,2.5,30,63971,0.9298588422879117
30,32,7,8,2.5,60,63971,0.9490237763986806
30,32,8,8,2.5,120,63971,0.945756670991543
30,32,9,8,3.0,30,63971,0.7685513748417252
30,32,10,8,3.0,60,63971,0.7679729877600788
30,32,11,8,3.0,120,63971,0.7675196573447344
30,32,12,15,1.5,30,63971,0.9291397664566757
30,32,13,15,1.5,60,63971,0.9549639680480217
30,32,14,15,1.5,120,63971,0.9526347876381486
30,32,15,15,2.0,30,63971,0.9291397664566757
30,32,16,15,2.0,60,63971,0.9549639680480217
30,32,17,15,2.0,120,63971,0.9526347876381486
30,32,18,15,2.5,30,63971,0.9291397664566757
30,32,19,15,2.5,60,63971,0.9483047005674446
30,32,20,15,2.5,120,63971,0.945037595160307
30,32,21,15,3.0,30,63971,0.7678322990104891
30,32,22,15,3.0,60,63971,0.7672539119288427
30,32,23,15,3.0,120,63971,0.7668005815134983
30,64,0,8,1.5,30,63971,0.9941223366838099
30,64,1,8,1.5,60,63971,0.9951071579309374
30,64,2,8,1.5,120,63971,0.9944818745994278
30,64,3,8,2.0,30,63971,0.9941223366838099
30,64,4,8,2.0,60,63971,0.9951071579309374
30,64,5,8,2.0,120,63971,0.9944818745994278
30,64,6,8,2.5,30,63971,0.9941223366838099
30,64,7,8,2.5,60,63971,0.9941536008503853
30,64,8,8,2.5,120,63971,0.9932625721029842
30,64,9,8,3.0,30,63971,0.9682981350924638
30,64,10,8,3.0,60,63971,0.9680011255099967
30,64,11,8,3.0,120,63971,0.9674071063450627
30,64,12,15,1.5,30,63971,0.9926060246048991
30,64,13,15,1.5,60,63971,0.9935908458520267
30,64,14,15,1.5,120,63971,0.9929655625205172
30,64,15,15,2.0,30,63971,0.9926060246048991
30,64,16,15,2.0,60,63971,0.9935908458520267
30,64,17,15,2.0,120,63971,0.9929655625205172
30,64,18,15,2.5,30,63971,0.9926060246048991
30,64,19,15,2.5,60,63971,0.9926372887714746
30,64,20,15,2.5,120,63971,0.9917462600240734
30,64,21,15,3.0,30,63971,0.966781823013553
30,64,22,15,3.0,60,63971,0.9664848134310859
30,64,23,15,3.0,120,63971,0.9658907942661519
30,128,0,8,1.5,30,63971,0.998436791671226
30,128,1,8,1.5,60,63971,0.9983117350049241
30,128,2,8,1.5,120,63971,0.9982961029216364
30,128,3,8,2.0,30,63971,0.998436791671226
30,128,4,8,2.0,60,63971,0.9983117350049241
30,128,5,8,2.0,120,63971,0.9982961029216364
30,128,6,8,2.5,30,63971,0.998436791671226
30,128,7,8,2.5,60,63971,0.9982961029216364
30,128,8,8,2.5,120,63971,0.9982804708383486
30,128,9,8,3.0,30,63971,0.9958731300120367
30,128,10,8,3.0,60,63971,0.9958262337621735
30,128,11,8,3.0,120,63971,0.9958887620953244
30,128,12,15,1.5,30,63971,0.997295649591221
30,128,13,15,1.5,60,63971,0.9971236966750558
30,128,14,15,1.5,120,63971,0.9971080645917682
30,128,15,15,2.0,30,63971,0.997295649591221
30,128,16,15,2.0,60,63971,0.9971236966750558
30,128,17,15,2.0,120,63971,0.9971080645917682
30,128,18,15,2.5,30,63971,0.997295649591221
30,128,19,15,2.5,60,63971,0.9971080645917682
30,128,20,15,2.5,120,63971,0.9970924325084805
30,128,21,15,3.0,30,63971,0.9947319879320317
30,128,22,15,3.0,60,63971,0.9946381954323052
30,128,23,15,3.0,120,63971,0.9947007237654563
120,4,0,8,1.5,30,63881,0.049545248195864186
120,4,1,8,1.5,60,63881,0.06642037538548239
120,4,2,8,1.5,120,63881,0.06635775895806265
120,4,3,8,2.0,30,63881,0.049545248195864186
120,4,4,8,2.0,60,63881,0.06642037538548239
120,4,5,8,2.0,120,63881,0.06635775895806265
120,4,6,8,2.5,30,63881,0.049545248195864186
120,4,7,8,2.5,60,63881,0.05211252172007326
120,4,8,8,2.5,120,63881,0.05148635744587592
120,4,9,8,3.0,30,63881,0.01440177830653872
120,4,10,8,3.0,60,63881,0.013415569574677917
120,4,11,8,3.0,120,63881,0.014589627588797921
120,4,12,15,1.5,30,63881,0.05178378547611966
120,4,13,15,1.5,60,63881,0.06915984408509572
120,4,14,15,1.5,120,63881,0.06892503248227172
120,4,15,15,2.0,30,63881,0.05178378547611966
120,4,16,15,2.0,60,63881,0.06915984408509572
120,4,17,15,2.0,120,63881,0.06892503248227172
120,4,18,15,2.5,30,63881,0.05178378547611966
120,4,19,15,2.5,60,63881,0.05276999420798047
120,4,20,15,2.5,120,63881,0.05175247726240979
120,4,21,15,3.0,30,63881,0.014589627588797921
120,4,22,15,3.0,60,63881,0.013102487437579248
120,4,23,15,3.0,120,63881,0.014292199558554187
120,8,0,8,1.5,30,63881,0.22631142280177205
120,8,1,8,1.5,60,63881,0.31322302406036223
120,8,2,8,1.5,120,63881,0.31276905496156915
120,8,3,8,2.0,30,63881,0.22631142280177205
120,8,4,8,2.0,60,63881,0.31322302406036223
120,8,5,8,2.0,120,63881,0.31276905496156915
120,8,6,8,2.5,30,63881,0.22631142280177205
120,8,7,8,2.5,60,63881,0.26607285421330285
120,8,8,8,2.5,120,63881,0.25945116701366605
120,8,9,8,3.0,30,63881,0.020788653903351544
120,8,10,8,3.0,60,63881,0.019395438393262472
120,8,11,8,3.0,120,63881,0.02035033891141341
120,8,12,15,1.5,30,63881,0.2572126297334106
120,8,13,15,1.5,60,63881,0.33573362971775644
120,8,14,15,1.5,120,63881,0.3363754480988087
120,8,15,15,2.0,30,63881,0.2572126297334106
120,8,16,15,2.0,60,63881,0.33573362971775644
120,8,17,15,2.0,120,63881,0.3363754480988087
120,8,18,15,2.5,30,63881,0.2572126297334106
120,8,19,15,2.5,60,63881,0.2826348992658224
120,8,20,15,2.5,120,63881,0.27577840046336155
120,8,21,15,3.0,30,63881,0.032701429219955856
120,8,22,15,3.0,60,63881,0.03072901175623425
120,8,23,15,3.0,120,63881,0.03205961083890359
120,16,0,8,1.5,30,63881,0.7555141591396503
120,16,1,8,1.5,60,63881,0.8827350855496939
120,16,2,8,1.5,120,63881,0.8769743742270785
120,16,3,8,2.0,30,63881,0.7555141591396503
120,16,4,8,2.0,60,63881,0.8827350855496939
120,16,5,8,2.0,120,63881,0.8769743742270785
120,16,6,8,2.5,30,63881,0.7555141591396503
120,16,7,8,2.5,60,63881,0.8372129428155477
120,16,8,8,2.5,120,63881,0.8284779511904948
120,16,9,8,3.0,30,63881,0.35026064087913467
120,16,10,8,3.0,60,63881,0.34852303501823706
120,16,11,8,3.0,120,63881,0.3484604185908173
120,16,12,15,1.5,30,63881,0.8016311579342841
120,16,13,15,1.5,60,63881,0.885537170676727
120,16,14,15,1.5,120,63881,0.882484619840015
120,16,15,15,2.0,30,63881,0.8016311579342841
120,16,16,15,2.0,60,63881,0.885537170676727
120,16,17,15,2.0,120,63881,0.882484619840015
120,16,18,15,2.5,30,63881,0.8016155038274291
120,16,19,15,2.5,60,63881,0.8518025704043456
120,16,20,15,2.5,120,63881,0.8466680233559274
120,16,21,15,3.0,30,63881,0.5119049482631769
120,16,22,15,3.0,60,63881,0.5096977191966312
120,16,23,15,3.0,120,63881,0.509995147226875
120,32,0,8,1.5,30,63881,0.997166606659257
120,32,1,8,1.5,60,63881,0.9974796887963557
120,32,2,8,1.5,120,63881,0.9943332133185141
120,32,3,8,2.0,30,63881,0.997166606659257
120,32,4,8,2.0,60,63881,0.9974796887963557
120,32,5,8,2.0,120,63881,0.9943332133185141
120,32,6,8,2.5,30,63881,0.997166606659257
120,32,7,8,2.5,60,63881,0.9971979148729669
120,32,8,8,2.5,120,63881,0.9941140558225451
120,32,9,8,3.0,30,63881,0.9170175795619981
120,32,10,8,3.0,60,63881,0.914685117640613
120,32,11,8,3.0,120,63881,0.9127753166043111
120,32,12,15,1.5,30,63881,0.9968378704153035
120,32,13,15,1.5,60,63881,0.9978084250403093
120,32,14,15,1.5,120,63881,0.9964152095302202
120,32,15,15,2.0,30,63881,0.9968378704153035
120,32,16,15,2.0,60,63881,0.9978084250403093
120,32,17,15,2.0,120,63881,0.9964152095302202
120,32,18,15,2.5,30,63881,0.9968378704153035
120,32,19,15,2.5,60,63881,0.9975579593306304
120,32,20,15,2.5,120,63881,0.9962743225685259
120,32,21,15,3.0,30,63881,0.9332821965842739
120,32,22,15,3.0,60,63881,0.9315758989370861
120,32,23,15,3.0,120,63881,0.9310280051971634
120,64,0,8,1.5,30,63881,1.0
120,64,1,8,1.5,60,63881,0.9997338801834661
120,64,2,8,1.5,120,63881,0.9980901989636981
120,64,3,8,2.0,30,63881,1.0
120,64,4,8,2.0,60,63881,0.9997338801834661
120,64,5,8,2.0,120,63881,0.9980901989636981
120,64,6,8,2.5,30,63881,1.0
120,64,7,8,2.5,60,63881,0.9996869178629013
120,64,8,8,2.5,120,63881,0.9980745448568432
120,64,9,8,3.0,30,63881,0.9973701100483712
120,64,10,8,3.0,60,63881,0.996243014354816
120,64,11,8,3.0,120,63881,0.9954290007983595
120,64,12,15,1.5,30,63881,0.9998747671451605
120,64,13,15,1.5,60,63881,0.9997182260766112
120,64,14,15,1.5,120,63881,0.9984658975282166
120,64,15,15,2.0,30,63881,0.9998747671451605
120,64,16,15,2.0,60,63881,0.9997182260766112
120,64,17,15,2.0,120,63881,0.9984658975282166
120,64,18,15,2.5,30,63881,0.9998747671451605
120,64,19,15,2.5,60,63881,0.9997182260766112
120,64,20,15,2.5,120,63881,0.9984502434213616
120,64,21,15,3.0,30,63881,0.9982467400322474
120,64,22,15,3.0,60,63881,0.997432726475791
120,64,23,15,3.0,120,63881,0.996696983453609
120,128,0,8,1.5,30,63881,1.0
120,128,1,8,1.5,60,63881,0.999546030901207
120,128,2,8,1.5,120,63881,0.9945210626007733
120,128,3,8,2.0,30,63881,1.0
120,128,4,8,2.0,60,63881,0.999546030901207
120,128,5,8,2.0,120,63881,0.9945210626007733
120,128,6,8,2.5,30,63881,1.0
120,128,7,8,2.5,60,63881,0.9995147226874971
120,128,8,8,2.5,120,63881,0.9945367167076282
120,128,9,8,3.0,30,63881,1.0
120,128,10,8,3.0,60,63881,0.9988415960927349
120,128,11,8,3.0,120,63881,0.9957420829354581
120,128,12,15,1.5,30,63881,1.0
120,128,13,15,1.5,60,63881,0.9996712637560464
120,128,14,15,1.5,120,63881,0.9961803979273962
120,128,15,15,2.0,30,63881,1.0
120,128,16,15,2.0,60,63881,0.9996712637560464
120,128,17,15,2.0,120,63881,0.9961803979273962
120,128,18,15,2.5,30,63881,1.0
120,128,19,15,2.5,60,63881,0.9996712637560464
120,128,20,15,2.5,120,63881,0.9961960520342512
120,128,21,15,3.0,30,63881,1.0
120,128,22,15,3.0,60,63881,0.9992486028709632
120,128,23,15,3.0,120,63881,0.9970726820181275
