task,factor,value,series,policies,cells,trials_per_cell,trials,full_s,shared_s,tail_s,incremental_s
T1-curve,task,T1-curve,1m-quarter,1,136,992,134935,1178.682445722918,,293.3861909168613,4.5495280825768525
T1-curve,task,T1-curve,1s-week,1,136,992,134935,5906.755657935062,,1279.6356173391432,17.545952587041526
T2-policy-map,task,T2-policy-map,1m-quarter,24,136,4631,629847,105352.73448223452,5531.90070415428,1449.2772642045577,70.06283124730268
T2-policy-map,task,T2-policy-map,1s-week,24,136,4631,629847,518799.1813468679,27533.06908366245,6732.4268279024955,287.97496302162943
"base, half_width = 0.05",half_width,0.05,1m-quarter,1,136,176,23898,209.031668400508,,52.067747653542376,0.8623678033902493
"base, half_width = 0.05",half_width,0.05,1s-week,1,136,176,23898,1047.5084282758817,,227.12645301749825,3.3350554571202453
"base, half_width = 0.02",half_width,0.02,1m-quarter,1,136,992,134935,1178.682445722918,,293.3861909168613,4.5495280825768525
"base, half_width = 0.02",half_width,0.02,1s-week,1,136,992,134935,5906.755657935062,,1279.6356173391432,17.545952587041526
"base, half_width = 0.01",half_width,0.01,1m-quarter,1,136,3839,522136,4559.986637214348,,1134.8974182996371,17.406659983216148
"base, half_width = 0.01",half_width,0.01,1s-week,1,136,3839,522136,22851.414484062825,,4949.932583717064,67.10093969820558
"base, strength_ratio = x2",strength_ratio,x2,1m-quarter,1,72,939,67610,590.7772785875567,,147.13334490890378,2.2974604837810118
"base, strength_ratio = x2",strength_ratio,x2,1s-week,1,72,939,67610,2959.6085554705332,,642.363963930593,8.912504024005916
"base, strength_ratio = x1.41",strength_ratio,x1.41,1m-quarter,1,136,992,134935,1178.682445722918,,293.3861909168613,4.5495280825768525
"base, strength_ratio = x1.41",strength_ratio,x1.41,1s-week,1,136,992,134935,5906.755657935062,,1279.6356173391432,17.545952587041526
"base, strength_ratio = x1.19",strength_ratio,x1.19,1m-quarter,1,264,994,262316,2291.098788536557,,570.3420131115305,8.750622415002114
"base, strength_ratio = x1.19",strength_ratio,x1.19,1s-week,1,264,994,262316,11480.181755323376,,2488.5681647554193,33.81845175029324
"base, lengths = 1 lengths",lengths,1 lengths,1m-quarter,1,17,947,16094,140.90866562692997,,35.297134119266424,0.5659139194493031
"base, lengths = 1 lengths",lengths,1 lengths,1s-week,1,17,947,16094,713.6367621860941,,153.54361839814388,2.2873767478016545
"base, lengths = 4 lengths",lengths,4 lengths,1m-quarter,1,68,992,67475,589.5754822351812,,146.77358461003317,2.3095965150920734
"base, lengths = 4 lengths",lengths,4 lengths,1s-week,1,68,992,67475,2954.553254089218,,640.1785031275688,8.912380184325318
"base, lengths = 8 lengths",lengths,8 lengths,1m-quarter,1,136,992,134935,1178.682445722918,,293.3861909168613,4.5495280825768525
"base, lengths = 8 lengths",lengths,8 lengths,1s-week,1,136,992,134935,5906.755657935062,,1279.6356173391432,17.545952587041526
"base, lengths = 15 lengths",lengths,15 lengths,1m-quarter,1,255,991,252753,2207.520951843055,,549.2397674358423,8.501569218887177
"base, lengths = 15 lengths",lengths,15 lengths,1s-week,1,255,991,252753,11054.620154286245,,2396.0045526095023,32.67673652054008
"base, policies = P1",policies,P1,1m-quarter,1,136,992,134935,1178.682445722918,,293.3861909168613,4.5495280825768525
"base, policies = P1",policies,P1,1s-week,1,136,992,134935,5906.755657935062,,1279.6356173391432,17.545952587041526
"base, policies = P24",policies,P24,1m-quarter,24,136,992,134935,22574.31342777108,1185.3931981160354,310.5896863264079,15.068241547059717
"base, policies = P24",policies,P24,1s-week,24,136,992,134935,111164.83314513693,5899.908030483259,1442.8095799767468,61.93732715562789
"base, policies = P105",policies,P105,1m-quarter,105,136,992,134935,,1186.564990375672,317.3794067272058,17.238243395056564
"base, policies = P105",policies,P105,1s-week,105,136,992,134935,,5873.129624838914,1380.7824429046334,62.222012749160335
"base, coverage = pointwise",coverage,pointwise,1m-quarter,1,136,992,134935,1178.682445722918,,293.3861909168613,4.5495280825768525
"base, coverage = pointwise",coverage,pointwise,1s-week,1,136,992,134935,5906.755657935062,,1279.6356173391432,17.545952587041526
"base, coverage = simultaneous",coverage,simultaneous,1m-quarter,1,136,3164,430256,3757.6304158118865,,935.2216533992414,14.3536093755496
"base, coverage = simultaneous",coverage,simultaneous,1s-week,1,136,3164,430256,18830.505996396252,,4079.1065720764946,55.33963332948109
